{
    "trp__L;o2": {
        "Homo sapiens": [
            7.4995,
            6.06166667
        ],
        "Mus musculus": [
            11.9023333,
            1.54533333,
            16.75,
            1.8366666666666667,
            1.7416666666666667,
            1.645
        ],
        "Xenopus laevis": [
            2.22283333,
            2.2016666666666667,
            2.3316666666666666
        ],
        "Danio rerio": [
            2.6285,
            1.155,
            1.65
        ],
        "Sulculus diversicolor": [
            0.406833333
        ],
        "Saccharomyces cerevisiae": [
            8.246666666666666
        ],
        "Aspergillus oryzae": [
            0.84,
            31.886666666666667
        ],
        "Ornithorhynchus anatinus": [
            2.9116666666666666,
            4.318333333333333,
            6.6433333333333335,
            6.126666666666667
        ],
        "Monodelphis domestica": [
            18.975,
            0.8966666666666666,
            0.9533333333333334,
            0.785
        ],
        "Gallus gallus": [
            0.62,
            0.73
        ]
    },
    "REST": {
        "Homo sapiens": [
            11.759,
            8.8825
        ],
        "Mus musculus": [
            13.6528333
        ],
        "Saccharomyces cerevisiae": [
            1.6833333333333333
        ],
        "Aspergillus oryzae": [
            0.365,
            6.226666666666667
        ]
    }
}