{
    "REST": {
        "Ricinus communis": [
            6.1,
            4.2,
            3.2
        ],
        "Medicago truncatula": [
            0.015,
            0.1,
            0.028,
            0.033
        ],
        "Xenopus laevis": [
            0.0641666667,
            0.0511666667,
            0.00333333333,
            0.0523333333,
            0.0045,
            0.00666666667
        ],
        "Gallus gallus": [
            0.32
        ],
        "Cytophaga hutchinsonii": [
            2.15
        ],
        "Bacillus thermoglucosidasius": [
            7.1,
            8.0,
            147.0,
            180.0,
            276.0,
            279.0
        ],
        "Bos taurus": [
            1.48e-06,
            0.00187,
            9.12e-08,
            0.0299,
            19.3,
            0.000338,
            0.000459,
            30.4
        ],
        "Agaricus bisporus": [
            0.6,
            641.8,
            66.7,
            35.5,
            132.0,
            6.2,
            553.5,
            107.4,
            44.3,
            631.6,
            184.2,
            29.4
        ],
        "Mycobacterium tuberculosis": [
            0.26,
            0.017,
            0.027,
            0.023,
            0.021
        ],
        "Homo sapiens": [
            0.433333333,
            0.605,
            2.06333333,
            0.78,
            0.0161666667,
            0.133,
            1.33,
            0.711666667,
            0.0141666667,
            1.02666667,
            1.07333333,
            0.0101666667,
            0.0666666667,
            0.115,
            0.00416666667,
            39.7,
            40.8,
            48.5,
            49.9,
            49.3,
            0.0183333333,
            0.161333333,
            0.0225,
            0.0185,
            0.12333333333333334,
            0.0105,
            0.0206666667,
            0.0166666667,
            0.107666667,
            0.2,
            0.236666667,
            0.226666667,
            0.143333333,
            0.0146666667,
            0.0126666667,
            0.0106666667,
            0.045,
            0.043,
            0.037,
            0.0833333333,
            0.033,
            0.0128333333,
            0.00883333333,
            0.025,
            1.3,
            0.019,
            0.017,
            0.013,
            0.011,
            0.0533333333,
            0.2833333333333333,
            0.986666667,
            0.6,
            0.666666667,
            0.176666667,
            0.0816666667,
            0.883333333,
            0.416666667,
            0.255,
            0.0333333333,
            0.0636666667,
            0.158333333,
            0.09,
            0.04766666666666666,
            0.178333333,
            0.0113333333,
            0.00933333333,
            0.00733333333,
            0.0195,
            0.0316666667,
            0.0115,
            0.0075,
            0.021666666666666667,
            0.062,
            0.241666667,
            0.0156666667,
            0.00566666667,
            0.048,
            0.05,
            0.106666667,
            0.118333333,
            0.04,
            0.19333333333333333,
            0.167,
            0.0885,
            0.233333333,
            0.201666667,
            0.165,
            0.018,
            0.02,
            0.016,
            0.0966666667,
            0.014,
            0.012,
            0.008,
            0.183333333,
            0.00501666667
        ],
        "Sus scrofa": [
            0.588333333
        ],
        "Arabidopsis thaliana": [
            0.4166666666666667,
            0.12,
            2.3333333333333335,
            0.16666666666666666,
            0.16333333333333333,
            0.25,
            0.43333333333333335,
            0.8833333333333333,
            2.74333333,
            1.09666667,
            3.86666667,
            2.55666667,
            1.17,
            0.056,
            1.035,
            0.458333333
        ],
        "Rhodococcus erythropolis": [
            3.6,
            3.9,
            4.9,
            6.0
        ],
        "Escherichia coli": [
            0.95,
            1.7,
            2.1,
            3.5,
            1.83,
            1.67,
            10.4,
            12.5
        ],
        "Zea mays": [
            2.1
        ],
        "Rattus norvegicus": [
            0.0433333333,
            0.0483333333,
            2.5,
            0.133333333,
            0.111666667,
            3.43,
            0.431666667,
            2.63666667,
            3.65666667,
            0.658333333,
            8.55,
            7.85,
            0.783333333,
            2.18333333,
            2.75,
            16.0,
            0.328333333,
            0.105,
            161.6,
            1.6,
            44.1,
            0.141666667,
            0.1,
            2.11666667,
            2.51666667,
            0.55,
            0.00133333333,
            0.366666667,
            0.525
        ],
        "Oryctolagus cuniculus": [
            0.666666667,
            1.5,
            0.2
        ],
        "Bacillus licheniformis": [
            27.7333333,
            13.8666667,
            16.1833333,
            21.0666667,
            22.8166667,
            25.65,
            59.8166667,
            29.3333333
        ],
        "Bacillus subtilis": [
            0.683333333,
            1.73333333,
            3.33333333,
            6.23333333,
            7.16666667,
            9.26666667,
            11.2666667,
            13.2333333,
            18.5,
            26.9166667,
            28.1666667,
            34.25,
            34.9166667,
            36.0,
            64.4166667,
            64.0833333,
            70.25,
            79.8333333,
            87.1666667,
            90.5,
            101.75,
            101.25,
            617.5,
            635.833333
        ],
        "Mus musculus": [
            0.13799999999999998,
            0.0021666666666666666
        ],
        "Canis familiaris": [
            0.9166666666666666,
            0.2833333333333333
        ],
        "Methylosinus trichosporium": [
            0.3,
            1.13
        ],
        "Oryza sativa": [
            0.017,
            0.013,
            46.0,
            0.022,
            49.0
        ],
        "Cephalosporium acremonium": [
            0.073
        ],
        "Streptomyces clavuligerus": [
            0.079,
            0.42,
            0.062,
            0.056,
            0.021
        ],
        "Ovis aries": [
            120.0,
            17.0,
            130.0,
            35.0
        ],
        "Pseudomonas fluorescens": [
            0.5,
            1.4,
            1.2,
            2.5,
            4.8,
            4.7,
            6.7,
            7.3,
            7.8,
            9.4,
            8.6,
            11.9,
            12.6,
            12.7,
            14.0,
            13.2,
            11.0,
            10.4,
            12.8,
            14.5,
            11.1,
            4.1,
            4.5,
            0.6,
            5.0,
            5.4,
            7.4,
            2.1,
            9.3,
            10.1,
            10.6,
            1.7,
            12.3,
            6.3,
            3.9
        ],
        "Arthrobacter nicotinovorans": [
            3.9e-06
        ],
        "Nicotiana tabacum": [
            0.493,
            0.582,
            0.2
        ],
        "Sphingobium chlorophenolicum": [
            0.0093,
            5.5
        ]
    },
    "17ahprgstrn;nadph": {
        "Xenopus laevis": [
            0.0085,
            0.0221666667,
            0.0355
        ],
        "Homo sapiens": [
            0.00216666667,
            0.00216666667,
            0.00166666667,
            0.000833333333,
            0.002,
            0.000666666667
        ]
    },