{
    "fe3;h;nadh": {
        "Paracoccus denitrificans": [
            0.91,
            0.16,
            0.08,
            0.15,
            3.1,
            3.1,
            14.0,
            14.0
        ]
    },
    "ficytC;nadph": {
        "Homo sapiens": [
            0.8
        ]
    },
    "cu;h;o2": {
        "Saccharomyces cerevisiae": [
            1.32
        ],
        "Homo sapiens": [
            0.375
        ]
    },
    "fe2;h;o2": {
        "Homo sapiens": [
            0.505
        ],
        "Saccharomyces cerevisiae": [
            1.065,
            0.158333333,
            0.0383333333,
            0.138333333,
            0.035
        ],
        "Rana catesbeiana": [
            2548.0,
            519.0
        ]
    }
}