{
    "REST": {
        "Saccharomyces cerevisiae": [
            1300.0,
            766.6666666666666,
            606.6666666666666
        ]
    },
    "R_actn;h;nadh": {
        "Saccharomyces cerevisiae": [
            1633.3333333333333
        ]
    }
}