{
    "REST": {
        "Methanocaldococcus jannaschii": [
            0.04,
            2.0
        ],
        "Hippoglossus hippoglossus": [
            110.0
        ],
        "Lactococcus lactis subsp. lactis": [
            70.0
        ],
        "Entamoeba histolytica": [
            104.0,
            70.0,
            34.0,
            94.0
        ],
        "Escherichia coli": [
            0.12,
            0.13,
            0.074,
            0.3
        ],
        "Geobacillus stearothermophilus": [
            65.0,
            76.0
        ],
        "Saccharomyces cerevisiae": [
            0.6333333333333333,
            6.0,
            8.63,
            8.633,
            41.666666666666664,
            11.166666666666666,
            18.1616885,
            19.1,
            19.1200976,
            18.2,
            19.12,
            18.162,
            0.0045000000000000005
        ],
        "Aspergillus nidulans": [
            65.0,
            78.33333333333333
        ],
        "Oryza sativa": [
            122.24
        ],
        "Arthrobacter nicotinovorans": [
            0.65,
            1.02,
            1.35,
            3.92,
            3.1
        ],
        "Homo sapiens": [
            0.2,
            0.13,
            0.45,
            3.13333333,
            3.16666667,
            4.16666667,
            3.83333333,
            2.5,
            0.666666667,
            1.23333333,
            10.0,
            11.6666667,
            12.3333333,
            7.16666667,
            5.83333333,
            15.0,
            15.1666667,
            3.0,
            9.83333333,
            2.75,
            11.1666667,
            4.5,
            1.41666667,
            4.0,
            4.66666667,
            4.41666667,
            5.33333333,
            27.6666667,
            28.5,
            0.000166666667,
            1.0,
            0.25,
            0.0,
            6.0,
            7.83333333,
            7.9,
            0.133333333,
            8.33333333,
            8.16666667,
            2.66666667,
            9.33333333,
            53.0,
            11.3333333,
            0.158333333,
            0.983333333,
            2.13333333,
            0.3,
            0.55,
            1.3,
            0.833333333,
            0.616666667,
            0.366666667,
            0.0316666667,
            2.33333333,
            0.0403333333,
            1.08333333,
            1.56666667
        ],
        "Burkholderia xenovorans LB400": [
            9.5,
            11.2
        ],
        "Spinacia oleracea": [
            27.0,
            41.0,
            59.0,
            61.0
        ],
        "Bacillus subtilis": [
            0.74,
            1.0,
            2.75,
            1.08,
            1.12,
            1.35,
            1.47,
            7.4,
            8.0,
            0.97,
            0.04
        ],
        "Acinetobacter baylyi": [
            0.06,
            0.65,
            0.05,
            4.13,
            55.0,
            57.0
        ],
        "Pseudomonas putida": [
            0.07116666666666666,
            197.0,
            0.0016666666666666668
        ],
        "Azospirillum brasilense": [
            35.5,
            9.86,
            10.2,
            15.4,
            16.7,
            15.3,
            52.3,
            21.3,
            53.9,
            23.0
        ],
        "Mus musculus": [
            0.3,
            0.4,
            3.3,
            4.8
        ],
        "Arabidopsis thaliana": [
            0.1,
            0.058333333333333334,
            1.39,
            1.1,
            0.06116666666666667,
            0.027166666666666665,
            0.02783333333333333
        ],
        "Streptococcus mutans": [
            60.0,
            68.0
        ],
        "Azoarcus evansii": [
            45.0
        ],
        "Ovis aries": [
            8.6,
            1.5,
            2.6,
            5.5
        ],
        "Bos taurus": [
            0.76,
            1.19,
            0.23,
            1.29
        ],
        "Equus caballus": [
            0.26,
            1.21,
            2.21,
            1.44
        ]
    },
    "h2o;nad;ppal": {
        "Methanocaldococcus jannaschii": [
            3.0
        ],
        "Acinetobacter baylyi": [
            0.58
        ],
        "Homo sapiens": [
            3.18333333,
            3.16666667,
            3.41666667,
            11.6666667,
            19.6666667
        ],
        "Rattus norvegicus": [
            0.433333333,
            1.13333333,
            2.05,
            1.83333333,
            0.7,
            0.14,
            0.85
        ],
        "Bos taurus": [
            1.85
        ]
    },
    "13dpg;h;nadh": {
        "Entamoeba histolytica": [
            94.0,
            104.0
        ],
        "Saccharomyces cerevisiae": [
            10.2110974
        ],
        "Oryza sativa": [
            73.56,
            73.56
        ],
        "Spinacia oleracea": [
            41.0
        ]
    },
    "fald;h2o;nadp": {
        "Arthrobacter nicotinovorans": [
            0.38
        ]
    },
    "acald;h2o;nadp": {
        "Arthrobacter nicotinovorans": [
            0.75
        ],
        "Saccharomyces cerevisiae": [
            22.0,
            63.0
        ],
        "Acinetobacter baylyi": [
            0.41
        ]
    },
    "h2o;nadp;ppal": {
        "Arthrobacter nicotinovorans": [
            1.2
        ],
        "Acinetobacter baylyi": [
            2.07
        ],
        "Bacillus subtilis": [
            1.29
        ]
    },
    "bzal;h2o;nadp": {
        "Arthrobacter nicotinovorans": [
            4.52
        ]
    },
    "h;glutrna;nadph": {
        "Escherichia coli": [
            0.13,
            0.15
        ]
    },
    "acald;coa;nad": {
        "Burkholderia xenovorans LB400": [
            17.2,
            14.1
        ],
        "Thermus thermophilus": [
            7.4,
            3.5,
            2.8
        ],
        "Burkholderia xenovorans": [
            2.2,
            17.2
        ]
    },
    "coa;nad;ppal": {
        "Burkholderia xenovorans LB400": [
            16.3
        ],
        "Thermus thermophilus": [
            8.4,
            2.6,
            3.6
        ],
        "Burkholderia xenovorans": [
            16.3,
            2.3
        ]
    },
    "acald;coa;nadp": {
        "Burkholderia xenovorans LB400": [
            12.9
        ]
    },
    "acald;h2o;nad": {
        "Homo sapiens": [
            0.27,
            1.63333333,
            36.0,
            4.66666667,
            6.33333333,
            7.0,
            13.1666667,
            19.6666667
        ],
        "Bos taurus": [
            1.86
        ],
        "Rattus norvegicus": [
            0.16,
            0.41
        ]
    },
    "13dpg;h;nadph": {
        "Spinacia oleracea": [
            61.0
        ]
    },
    "retinal;h2o;nad": {
        "Mus musculus": [
            3.9
        ],
        "Rattus norvegicus": [
            0.03
        ]
    },
    "bzal;h2o;nad": {
        "Mus musculus": [
            0.2
        ],
        "Homo sapiens": [
            5.83333333
        ],
        "Rattus norvegicus": [
            0.12,
            0.39
        ]
    },
    "ferulcoa;h;nadph": {
        "Arabidopsis thaliana": [
            0.038,
            0.03716666666666667,
            0.03166666666666666,
            1.55,
            0.16
        ]
    },
    "caffcoa;h;nadph": {
        "Arabidopsis thaliana": [
            0.036333333333333336,
            0.014499999999999999,
            0.13
        ]
    },
    "e4p;h2o;nad": {
        "Escherichia coli": [
            20.0,
            20.0
        ],
        "Geobacillus stearothermophilus": [
            0.1,
            0.1
        ]
    },
    "erthrs;h2o;nad": {
        "Escherichia coli": [
            0.36
        ]
    },