{
    "b2coa;nadph": {
        "Homo sapiens": [
            0.333333333,
            0.333333333
        ]
    },
    "REST": {
        "Homo sapiens": [
            0.24,
            1.8,
            2.1,
            3.4,
            4.6,
            2.7,
            6.3,
            7.4,
            8.9,
            8.0,
            10.0,
            11.5,
            11.9,
            13.6,
            14.2,
            13.1,
            16.5,
            0.0333333333,
            9.0,
            19.2,
            18.5,
            12.8,
            26.4,
            0.00666666667,
            0.006666666666666667,
            0.125,
            0.05,
            0.08333333333333333,
            0.0016666666666666668,
            0.416666667,
            0.4166666666666667,
            0.0866666667,
            0.2,
            0.0183333333,
            0.216666667,
            0.585,
            0.163333333,
            0.158333333,
            0.18333333333333332,
            2.2,
            6.7,
            0.015,
            0.0483333333,
            0.49,
            0.003
        ],
        "Rattus norvegicus": [
            0.6,
            1.9,
            2.1,
            3.2,
            4.2,
            5.4,
            2.4,
            2.7,
            0.0301666667,
            8.5,
            3.3,
            11.7,
            2.2,
            0.0375,
            0.0208333333,
            0.00816666667,
            31.2
        ],
        "Solanum tuberosum": [
            0.98,
            1.77
        ],
        "Bos taurus": [
            0.03,
            1.35,
            2.5,
            3.3,
            0.25,
            0.1,
            0.335,
            0.77,
            44.2,
            45.4,
            50.4,
            18.3
        ],
        "Plasmodium falciparum": [
            7.8
        ],
        "Candida albicans": [
            2.1
        ],
        "Enterococcus faecalis": [
            0.4,
            1.04,
            9.4,
            10.4,
            13.5,
            18.0,
            22.0,
            55.0,
            29.8
        ],
        "Clostridium propionicum": [
            2.0,
            3.5,
            4.5,
            29.0
        ],
        "Escherichia coli": [
            1.0,
            2.6,
            4.8,
            4.0,
            4.9,
            10.0,
            12.0,
            14.0,
            16.0,
            26.0,
            30.0,
            32.0,
            35.0,
            36.0,
            0.00509,
            40.0,
            41.0,
            42.0,
            48.0,
            49.0,
            51.0,
            57.0,
            62.0,
            0.00188333333,
            250.0
        ],
        "Arabidopsis thaliana": [
            64.0,
            1.045,
            108.0,
            0.0583333333
        ],
        "Mus musculus": [
            0.19,
            0.22,
            0.246666667,
            0.123333333,
            0.155
        ],
        "Sus scrofa": [
            0.61,
            0.016,
            0.46,
            5.45,
            6.2,
            8.6,
            13.2,
            14.3333333,
            19.6,
            20.6
        ],
        "Lactococcus lactis subsp. lactis": [
            49.3,
            25.7
        ],
        "Clostridium oroticum": [
            45.0
        ],
        "Bacillus subtilis": [
            0.04483333333333333
        ],
        "Chromobacterium violaceum": [
            35.6,
            47.1,
            47.4
        ],
        "Shewanella frigidimarina": [
            0.6,
            0.7,
            0.4,
            0.73,
            1.36,
            0.95,
            409.0,
            587.0,
            658.0,
            370.0,
            210.0,
            345.0,
            509.0
        ],
        "Ascaris suum": [
            100.0
        ],
        "Sulfolobus tokodaii": [
            13.0
        ],
        "Thauera aromatica": [
            1.6
        ],
        "Staphylococcus aureus": [
            0.5066666666666666,
            2.17,
            0.3
        ],
        "Saccharomyces cerevisiae": [
            6.8,
            39.0,
            23.0,
            25.0,
            190.0
        ],
        "Macaca fuscata": [
            34.0,
            4.3,
            9.1,
            11.3,
            14.0,
            62.5
        ],
        "Medicago truncatula": [
            0.18,
            1.33833333
        ]
    },
    "xol7aone;h;nadph": {
        "Rattus norvegicus": [
            0.01,
            0.01
        ]
    },
    "xoldiolone;h;nadph": {
        "Rattus norvegicus": [
            0.0128333333
        ]
    },
    "andrstndn;h;nadph": {
        "Rattus norvegicus": [
            0.0336666667
        ],
        "Homo sapiens": [
            0.013
        ]
    },
    "nad;pphn": {
        "Escherichia coli": [
            27.0,
            27.0,
            80.0
        ]
    },
    "butcoa;fad": {
        "Rattus norvegicus": [
            25.9,
            3.8,
            28.3,
            5.3
        ],
        "Homo sapiens": [
            2.2,
            3.7,
            20.7
        ]
    },
    "fad;ptcoa": {
        "Rattus norvegicus": [
            24.3,
            25.4
        ],
        "Homo sapiens": [
            40.0,
            3.3,
            14.1
        ]
    },
    "ficytC;gal14lac": {
        "Arabidopsis thaliana": [
            134.0,
            151.0
        ]
    },
    "ficytC;gullac": {
        "Arabidopsis thaliana": [
            4.0
        ]
    },
    "fad;octcoa": {
        "Sus scrofa": [
            19.6,
            18.8,
            20.0,
            0.047
        ],
        "Homo sapiens": [
            19.2,
            19.9
        ],
        "Rattus norvegicus": [
            27.0,
            16.8,
            2.4,
            27.2
        ]
    },
    "deccoa;fad": {
        "Rattus norvegicus": [
            25.2,
            4.5
        ],
        "Homo sapiens": [
            13.6
        ]
    },
    "o2;pppg9": {
        "Myxococcus xanthus": [
            0.0866666667
        ],
        "Bacillus subtilis": [
            0.235,
            0.0031666666666666666
        ]
    },
    "cpppg3;o2": {
        "Bacillus subtilis": [
            0.0008333333333333334
        ]
    },
    "h;nadph;hx2coa": {
        "Homo sapiens": [
            0.53
        ]
    },
    "h;nadph;dc2coa": {
        "Homo sapiens": [
            0.93
        ],
        "Bos taurus": [
            0.52
        ]
    },
    "Largn;nadp": {
        "Arabidopsis thaliana": [
            84.2,
            84.2,
            37.3,
            37.3
        ]
    },
    "nadp;pphn": {
        "Arabidopsis thaliana": [
            3.4
        ]
    },
    "trp__L;o2": {
        "Chromobacterium violaceum": [
            39.6
        ]
    },
    "succ;q": {
        "Escherichia coli": [
            110.0
        ]
    },
    "fum;qh2": {
        "Escherichia coli": [
            2.0
        ]
    },
    "fadh2;fum": {
        "Shewanella frigidimarina": [
            658.0,
            509.0,
            370.0,
            210.0,
            658.0,
            509.0,
            370.0,
            210.0
        ]
    },
    "fad;myrstcoa": {
        "Rattus norvegicus": [
            6.0
        ],
        "Homo sapiens": [
            5.6
        ]
    },
    "fad;palmcoa": {
        "Rattus norvegicus": [
            5.4,
            5.4,
            6.0
        ],
        "Homo sapiens": [
            4.1
        ]
    },
    "fad;srcoa": {
        "Rattus norvegicus": [
            4.5
        ]
    },
    "b2coa;h;nadh": {
        "Plasmodium falciparum": [
            1.62,
            1.62,
            1.62
        ],
        "Escherichia coli": [
            0.23
        ]
    },
    "b2eacp;h;nadh": {
        "Escherichia coli": [
            4.02
        ]
    },