{
    "REST": {
        "Rattus norvegicus": [
            3.2,
            4.2,
            5.4,
            8.5,
            11.7,
            31.2
        ],
        "Homo sapiens": [
            0.24,
            2.2,
            3.4,
            4.6,
            2.7,
            6.7,
            7.4,
            8.0,
            9.0,
            6.3,
            11.9,
            12.8,
            11.5,
            14.2,
            13.6,
            10.0,
            13.1,
            18.5,
            19.2,
            16.5,
            26.4,
            8.9,
            2.1,
            0.003
        ],
        "Sus scrofa": [
            0.61,
            0.46,
            0.016,
            5.45,
            6.2,
            8.6,
            13.2,
            14.3333333,
            19.6,
            20.6
        ],
        "Solanum tuberosum": [
            0.98
        ],
        "Bos taurus": [
            0.03,
            1.35,
            2.5,
            3.3,
            0.25,
            0.1
        ]
    },
    "fad;octcoa": {
        "Rattus norvegicus": [
            27.0,
            16.8,
            2.4,
            27.2
        ],
        "Sus scrofa": [
            0.047,
            18.8,
            19.6,
            20.0
        ],
        "Homo sapiens": [
            19.9,
            19.2
        ]
    },
    "deccoa;fad": {
        "Rattus norvegicus": [
            25.2,
            4.5
        ],
        "Homo sapiens": [
            13.6
        ]
    },
    "fad;myrstcoa": {
        "Rattus norvegicus": [
            6.0
        ],
        "Homo sapiens": [
            5.6
        ]
    },
    "fad;palmcoa": {
        "Rattus norvegicus": [
            5.4,
            5.4,
            6.0
        ],
        "Homo sapiens": [
            4.1
        ]
    },
    "fad;srcoa": {
        "Rattus norvegicus": [
            4.5
        ]
    },
    "fad;gcoa": {
        "Sus scrofa": [
            14.1666667
        ]
    },
    "butcoa;fad": {
        "Rattus norvegicus": [
            25.9,
            3.8,
            28.3,
            5.3
        ],
        "Homo sapiens": [
            2.2,
            3.7,
            20.7
        ]
    },
    "fad;ptcoa": {
        "Rattus norvegicus": [
            24.3,
            25.4
        ],
        "Homo sapiens": [
            40.0,
            3.3,
            14.1
        ]
    }
}