{
    "REST": {
        "Bacillus subtilis": [
            0.82,
            1.2,
            0.53,
            1.17,
            0.75
        ],
        "Glycine max": [
            392.0,
            137.0,
            1.6
        ],
        "Vigna unguiculata": [
            2.5,
            3.1
        ],
        "Sus scrofa": [
            390.0,
            810.0,
            1100.0,
            630.0,
            570.0
        ],
        "Rattus norvegicus": [
            21.7
        ],
        "Homo sapiens": [
            600.0,
            0.01,
            516.6666666666666,
            0.3333333333333333
        ],
        "Mycobacterium tuberculosis": [
            0.0087,
            2.8,
            2.5,
            0.0077,
            3.6,
            0.0079
        ]
    },
    "fad;nadh": {
        "Thermus thermophilus": [
            5.36,
            5.1,
            7.18,
            7.61,
            5.01,
            4.82,
            2.68,
            3.32,
            2.14,
            1.18,
            0.38,
            1.0,
            0.78,
            0.49,
            0.81,
            0.54,
            0.27,
            6.97,
            3.86,
            1.29,
            6.75,
            6.22,
            5.36,
            7.5,
            6.64,
            6.43,
            4.82,
            5.36,
            4.95,
            2.19,
            1.07,
            0.86,
            1.1,
            6.6
        ]
    },
    "nadh;q": {
        "Bos taurus": [
            53.0,
            50.0,
            50.0
        ],
        "Rattus norvegicus": [
            40.0,
            40.0
        ]
    },
    "h;nadh;o2": {
        "Enterococcus faecalis": [
            361.116667
        ],
        "Saccharomyces cerevisiae": [
            0.021
        ],
        "Cupriavidus necator": [
            0.025
        ],
        "Escherichia coli": [
            0.171
        ],
        "Sulfolobus solfataricus": [
            4.41666667,
            4.03333333
        ],
        "Pyrococcus horikoshii": [
            8.2,
            5.9
        ]
    },
    "h;mndn;nadph": {
        "Arabidopsis thaliana": [
            0.44
        ],
        "Synechocystis sp.": [
            3.2
        ],
        "Sus scrofa": [
            98.3333333
        ],
        "Leishmania major": [
            74.0,
            140.0
        ]
    },
    "ficytb5;h;nadh": {
        "Sus scrofa": [
            510.0,
            560.0,
            661.0
        ]
    },
    "cytc;h;nadh": {
        "Rattus norvegicus": [
            8.3
        ]
    },
    "cytc;h;nadph": {
        "Rattus norvegicus": [
            8.3,
            8.3
        ],
        "Candida tropicalis": [
            101.666667
        ]
    },
    "h;mndn;nadh": {
        "Leishmania major": [
            52.0,
            87.0
        ]
    },
    "mndn;nadh": {
        "Homo sapiens": [
            550.0
        ]
    },
    "h;nadph;o2": {
        "Pseudomonas fluorescens": [
            0.11
        ],
        "Pyrococcus horikoshii": [
            2.0
        ]
    }
}