{
    "h;mndn;nadph": {
        "Arabidopsis thaliana": [
            0.44
        ],
        "Synechocystis sp.": [
            3.2
        ],
        "Sus scrofa": [
            98.3333333
        ],
        "Leishmania major": [
            74.0,
            140.0
        ]
    },
    "h;mndn;nadh": {
        "Leishmania major": [
            52.0,
            87.0
        ]
    },
    "REST": {
        "Homo sapiens": [
            600.0,
            516.6666666666666,
            0.3333333333333333,
            0.01
        ],
        "Mycobacterium tuberculosis": [
            2.8,
            0.0077,
            2.5,
            0.0079,
            3.6,
            0.0087,
            2.8,
            2.8
        ]
    },
    "mndn;nadh": {
        "Homo sapiens": [
            550.0
        ]
    }
}