{
    "h;nadph;gthox": {
        "Bos taurus": [
            285.0
        ],
        "Rattus norvegicus": [
            240.0,
            246.666667
        ],
        "Escherichia coli": [
            60.0
        ]
    },
    "nadp;gthrd": {
        "Escherichia coli": [
            50.0
        ]
    },
    "h;nadph;trdox": {
        "Escherichia coli": [
            20.8333333,
            17.8333333
        ],
        "Rattus norvegicus": [
            20.0
        ]
    },
    "REST": {
        "Plasmodium falciparum": [
            106.0,
            45.5,
            51.3
        ],
        "Rattus norvegicus": [
            20.6,
            4.8,
            2.8,
            9.6,
            0.15,
            1.8,
            4.9,
            7.4,
            17.3,
            4.6,
            3.2,
            0.11,
            0.13,
            0.16,
            0.12,
            0.04,
            0.25,
            3.5
        ],
        "Bos taurus": [
            13.7
        ],
        "Lemna minor": [
            56.0
        ],
        "Neisseria meningitidis": [
            3.4
        ],
        "Escherichia coli": [
            176.4,
            0.05333333333333334
        ],
        "Thermus scotoductus": [
            1.9
        ],
        "Homo sapiens": [
            1.89,
            1.3,
            1.83,
            4.66,
            4.7,
            6.79,
            7.1,
            8.16,
            9.7,
            266.666667,
            12.4,
            18.1,
            26.9,
            155.0,
            293.0,
            167.0,
            700.0,
            71.3,
            335.0,
            719.2,
            94.0,
            618.333333,
            382.0
        ],
        "Pisum sativum": [
            300.0,
            345.0,
            380.0,
            190.0,
            383.0
        ],
        "Staphylococcus aureus": [
            800.0,
            4.0,
            1000.0,
            1400.0,
            27.0,
            1020.0,
            540.0
        ],
        "Bacillus anthracis": [
            27.0,
            28.0
        ],
        "Pyrococcus horikoshii": [
            8.1,
            7.1,
            7.2
        ],
        "Trypanosoma congolense": [
            88.33333333333333,
            151.66666666666666
        ]
    },
    "nadp;trdrd": {
        "Rattus norvegicus": [
            16.5
        ]
    },
    "h;mndn;nadph": {
        "Rattus norvegicus": [
            1.5,
            0.18
        ]
    },
    "dhdascb;gthrd": {
        "Sus scrofa": [
            7.56666667,
            7.56666667
        ],
        "Spinacia oleracea": [
            490.0,
            310.0,
            310.0,
            330.0,
            330.0
        ]
    },
    "h;lipoate;nadh": {
        "Homo sapiens": [
            25.0
        ]
    },
    "cytc;h2o;so3": {
        "Starkeya novella": [
            333.7,
            333.7,
            33.51,
            33.51
        ],
        "Homo sapiens": [
            26.3,
            24.8,
            12.1,
            13.2,
            25.7,
            17.2,
            17.7,
            23.6,
            24.2,
            24.7,
            24.6,
            25.0,
            26.9,
            27.0,
            28.1,
            25.9
        ]
    }
}