{
    "REST": {
        "Homo sapiens": [
            0.021666666666666667,
            0.0595,
            0.00821,
            0.011666666666666665,
            0.03333333333333333,
            0.0057,
            0.02666666666666667,
            0.018333333333333333,
            0.036,
            0.006833333333333333,
            0.004833333333333333,
            0.041666666666666664,
            0.025,
            0.02,
            0.075,
            0.0065,
            0.004,
            0.0015,
            0.001
        ],
        "Escherichia coli": [
            0.121833333,
            0.099,
            0.216666667,
            0.0603333333,
            0.196666667,
            0.226666667,
            0.0010666666666666667,
            0.00017,
            3450.0
        ],
        "Rattus norvegicus": [
            0.1,
            0.0025,
            0.07816666666666668
        ],
        "Methanocaldococcus jannaschii": [
            0.012166666666666666,
            0.008333333333333333
        ],
        "Ocimum basilicum": [
            0.013,
            0.00087,
            0.0013,
            0.0008,
            0.0031
        ],
        "Astragalus bisulcatus": [
            0.0062
        ],
        "Drosophila melanogaster": [
            0.11
        ],
        "Zea mays": [
            0.249
        ],
        "Arabidopsis thaliana": [
            3.8,
            3.5,
            4.3,
            3.3,
            7.6,
            8.7,
            70.0,
            25.0
        ],
        "Thalictrum flavum": [
            0.05,
            4.7e-05
        ],
        "Glycine max": [
            0.0001,
            0.001
        ],
        "Eschscholzia californica": [
            0.3,
            0.5
        ],
        "Papaver bracteatum": [
            0.001
        ],
        "Papaver somniferum": [
            0.08,
            0.03,
            0.02
        ],
        "Lactobacillus casei": [
            0.011,
            0.013,
            0.0153333333
        ],
        "Gallus gallus": [
            0.04183333333333333,
            0.0023333333333333335
        ],
        "Saccharomyces cerevisiae": [
            0.006333333333333333,
            0.01,
            0.011,
            0.012333333333333333
        ],
        "Pseudomonas syringae phaseolicola": [
            49.0
        ],
        "Moritella abyssi": [
            546.0,
            235.0,
            750.0,
            690.0,
            694.0,
            382.0
        ],
        "Stenella sp.": [
            48.7,
            66.6,
            165.7,
            6.45
        ],
        "Enterococcus faecalis": [
            1070.0,
            3580.0,
            2290.0,
            220.0,
            700.0,
            3390.0
        ],
        "Bos taurus": [
            101.0,
            41.0,
            44.0,
            146.0,
            180.0,
            56.0,
            57.0,
            187.0
        ],
        "Vitis vinifera": [
            0.09,
            0.118,
            0.112,
            0.1,
            0.084,
            0.128,
            2.3825,
            0.8976
        ],
        "Oryctolagus cuniculus": [
            0.4,
            0.0833333333,
            0.666666667,
            0.233333333,
            0.25,
            0.2,
            0.45,
            0.366666667,
            3.66666667,
            0.166666667,
            0.0333333333,
            0.1,
            0.116666667
        ]
    },
    "gudac;amet": {
        "Rattus norvegicus": [
            0.081,
            0.081,
            0.081,
            0.081,
            0.081
        ]
    },
    "hcys__L;amet": {
        "Escherichia coli": [
            0.38
        ]
    },
    "amet;selhcys": {
        "Astragalus bisulcatus": [
            0.0074
        ],
        "Escherichia coli": [
            0.74
        ]
    },
    "thf;ser__L": {
        "Macaca radiata": [
            0.0017,
            0.0017,
            0.0017,
            0.0017,
            0.0017,
            0.0017,
            0.0017,
            0.0017
        ],
        "Rattus norvegicus": [
            0.815,
            0.835
        ],
        "Homo sapiens": [
            13.133333333333333,
            9.583333333333334,
            9.583333333333334,
            28.0,
            15.0
        ],
        "Arabidopsis thaliana": [
            15.8
        ],
        "Escherichia coli": [
            11.5,
            11.5
        ]
    },
    "athr__L": {
        "Rattus norvegicus": [
            0.203333333,
            0.06
        ]
    },
    "thf;ser__D": {
        "Homo sapiens": [
            9.46
        ]
    },
    "ethadmp;amet": {
        "Caenorhabditis elegans": [
            8.233333333333333,
            9.783333333333333,
            8.233333333333333,
            8.233333333333333,
            9.783333333333333,
            9.783333333333333
        ]
    },
    "C01241;amet": {
        "Caenorhabditis elegans": [
            9.416666666666666
        ]
    },
    "ptrc;amet": {
        "Calystegia sepium": [
            0.16,
            0.086
        ],
        "Datura stramonium": [
            0.388
        ],
        "Solanum lycopersicum": [
            0.19
        ],
        "Datura innoxia": [
            0.383,
            0.359
        ],
        "Physalis divaricata": [
            0.198
        ],
        "Solanum dulcamara": [
            0.047
        ]
    },
    "cyart;amet": {
        "Glycine max": [
            0.02,
            0.01,
            0.001
        ]
    },
    "mlthf;dump;h;nadph": {
        "Thermotoga maritima": [
            0.1
        ],
        "Chlamydia trachomatis": [
            0.666333333,
            0.666333333,
            0.666333333
        ]
    },
    "catechol;amet": {
        "Ocimum basilicum": [
            0.0046
        ]
    },
    "cbp;asp__L": {
        "Mesocricetus auratus": [
            35.8833333,
            79.6666667,
            57.4333333,
            156.3
        ]
    },
    "grdp;amet": {
        "Streptomyces coelicolor": [
            0.0092,
            0.0057
        ]
    },
    "mlthf;dump": {
        "Homo sapiens": [
            0.213,
            0.213,
            0.213,
            0.213,
            4.16666667,
            2.5,
            1.0
        ],
        "Escherichia coli": [
            2.1,
            2.1,
            0.6,
            0.48,
            0.32,
            0.28
        ],
        "Lactobacillus casei": [
            6.15,
            8.0,
            8.0,
            5.5,
            5.5,
            3.6,
            3.6,
            2.7,
            3.6,
            7.8,
            5.5
        ],
        "Bacteriophage T4": [
            11.8
        ],
        "Leishmania major": [
            5.8,
            3.0
        ],
        "Trypanosoma cruzi": [
            3.4
        ]
    },
    "anth;amet": {
        "Zea mays": [
            0.45,
            0.37
        ]
    },
    "bz;amet": {
        "Zea mays": [
            0.04
        ]
    },
    "cbp;lys__L": {
        "Pseudomonas syringae phaseolicola": [
            0.0036
        ],
        "Escherichia coli": [
            1.3
        ]
    },
    "cbp;ptrc": {
        "Pseudomonas syringae phaseolicola": [
            0.025
        ],
        "Escherichia coli": [
            0.38
        ]
    },
    "citr__L;pi": {
        "Enterococcus faecalis": [
            62.0,
            89.0,
            69.0,
            72.0,
            40.0,
            15.0
        ]
    },
    "mppp9;amet": {
        "Synechocystis sp.": [
            0.057
        ]
    },
    "5mthf;hcys__L": {
        "Sus scrofa": [
            5.0,
            5.0
        ]
    }
}