{
    "accoa;h2o;oaa": {
        "Bacillus subtilis": [
            100.0
        ],
        "Acinetobacter calcoaceticus (subsp. anitratus)": [
            941.6666666666666
        ],
        "Azotobacter vinelandii": [
            2083.3333333333335
        ],
        "Arthrobacter sp.": [
            18.0,
            18.0
        ],
        "Saccharomyces cerevisiae": [
            0.3
        ],
        "Escherichia coli": [
            81.0
        ],
        "Sus scrofa": [
            96.0
        ],
        "Thermus thermophilus": [
            0.966666667
        ]
    },
    "REST": {
        "Salvia splendens": [
            0.55,
            0.76,
            8.7
        ],
        "Lactobacillus viridescens": [
            0.4,
            10.3333333,
            10.8333333,
            4.33333333
        ],
        "Zoogloea ramigera": [
            256.0,
            353.0,
            266.0,
            174.0,
            177.0,
            434.0,
            469.0
        ],
        "Scutellaria baicalensis": [
            0.012,
            0.00883333333,
            0.00383333333
        ],
        "Sorbus aucuparia": [
            0.037000000000000005,
            0.029333333333333333,
            0.017,
            0.0016666666666666668,
            0.0045000000000000005,
            0.007166666666666667,
            0.014833333333333334
        ],
        "Medicago sativa": [
            0.03683333333333333,
            0.06183333333333333,
            0.06816666666666667
        ],
        "Homo sapiens": [
            2.66666667,
            99.6
        ],
        "Mycobacterium tuberculosis": [
            0.85,
            0.12,
            2.1,
            3.5,
            2.18,
            5.0,
            2.05,
            7.0,
            7.6,
            0.93,
            10.7,
            3.4,
            1.67,
            3600.0,
            4000.0,
            0.0883333333,
            0.77,
            1.1,
            1.69,
            0.0233333333,
            0.09,
            1.79,
            3.2,
            7000.0,
            0.08,
            0.075,
            0.56,
            2.9,
            0.01,
            0.0266666667,
            0.83
        ],
        "Lysinibacillus sphaericus": [
            0.5,
            0.3
        ],
        "Escherichia coli": [
            0.06,
            3.56666667
        ],
        "Leishmania major": [
            24.0,
            23.6
        ],
        "Trypanosoma brucei": [
            18.2,
            76.8
        ],
        "Bacillus subtilis": [
            0.073,
            0.13,
            1.4,
            0.09,
            12.0,
            15.0,
            17.0
        ],
        "Erwinia carotovora": [
            0.53,
            1.52,
            0.07,
            1.7,
            1.5
        ],
        "Silene cucubalus": [
            0.2
        ],
        "Ovis aries": [
            25.0,
            2.7,
            30.4
        ],
        "Streptomyces collinus": [
            0.0508333333,
            0.0225
        ],
        "Vitis labrusca": [
            0.0058,
            0.0035,
            0.01,
            0.022
        ],
        "Clarkia breweri": [
            0.4,
            4.6
        ],
        "Saccharomyces cerevisiae": [
            1.7,
            2e-05
        ],
        "Cavia porcellus": [
            0.85,
            1.6,
            2.11666667,
            1.18333333,
            0.9,
            1.1,
            1.7
        ]
    },
    "accoa;gam1p": {
        "Escherichia coli": [
            1500.0,
            1350.0,
            1500.0,
            1350.0,
            120.0
        ]
    },
    "oxadpcoa;coa": {
        "Pseudomonas sp.": [
            7.83333333
        ]
    },
    "alatrna;uAgla": {
        "Lactobacillus viridescens": [
            11.0,
            11.0,
            11.0,
            11.0,
            11.0,
            11.0
        ]
    },
    "sertrna;uAgla": {
        "Lactobacillus viridescens": [
            0.533333333,
            0.533333333
        ]
    },
    "actp;coa": {
        "Methanosarcina thermophila": [
            5252.0,
            3226.0,
            2434.0,
            4110.0
        ]
    },
    "aacoa;coa": {
        "Zoogloea ramigera": [
            465.0
        ],
        "Streptomyces collinus": [
            40.0666667,
            36.1666667
        ]
    },
    "akg;accoa;h2o": {
        "Saccharomyces cerevisiae": [
            0.6
        ],
        "Thermus thermophilus": [
            0.983333333,
            1.53333333
        ]
    },
    "accoa;thr__L": {
        "Escherichia coli": [
            500.0
        ]
    },
    "ser__L;ppcoa": {
        "Escherichia coli": [
            25.0
        ]
    },
    "accoa;ser__L": {
        "Escherichia coli": [
            427.0,
            2480.0,
            1100.0,
            2480.0,
            2480.0,
            2480.0
        ],
        "Haemophilus influenzae": [
            3300.0,
            3300.0,
            1080.0,
            2200.0,
            1350.0
        ],
        "Arabidopsis thaliana": [
            330.0,
            330.0,
            212.0,
            212.0,
            108.6,
            108.6
        ]
    },
    "coa;acser": {
        "Escherichia coli": [
            16.9,
            1100.0
        ],
        "Haemophilus influenzae": [
            420.0,
            420.0,
            300.0
        ]
    },
    "h2o;ppcoa": {
        "Erwinia carotovora": [
            0.19
        ],
        "Mycobacterium tuberculosis": [
            0.04
        ]
    },
    "accoa;h2o": {
        "Erwinia carotovora": [
            0.043
        ],
        "Mycobacterium tuberculosis": [
            0.06,
            0.03
        ]
    },
    "accoa;srtn": {
        "Ovis aries": [
            34.0
        ]
    },
    "accoa;h2o;pyr": {
        "Mycobacterium tuberculosis": [
            6.1,
            4.5,
            4.5
        ]
    },
    "b2coa;h2o": {
        "Mycobacterium tuberculosis": [
            0.05,
            0.04
        ]
    },
    "accoa;gam6p": {
        "Saccharomyces cerevisiae": [
            0.2075
        ],
        "Homo sapiens": [
            22.1,
            9.0,
            9.0
        ],
        "Aspergillus fumigatus": [
            38.0,
            38.0
        ]
    },
    "benzcoa;bzalc": {
        "Vitis labrusca": [
            0.045,
            0.045
        ],
        "Clarkia breweri": [
            4.0,
            2.5
        ]
    },
    "h2o;oaa;ppcoa": {
        "Arthrobacter sp.": [
            8.0,
            8.0
        ]
    },
    "accoa;gln__L": {
        "Mycobacterium tuberculosis": [
            3.3333333333333335,
            3.3333333333333335,
            3.3333333333333335
        ]
    },
    "accoa;bzalc": {
        "Clarkia breweri": [
            17.5
        ]
    }
}