{
    "REST": {
        "Bacillus subtilis": [
            164.6
        ],
        "Streptococcus salivarius": [
            28.883333333333333,
            63.483333333333334
        ],
        "Gluconacetobacter diazotrophicus": [
            60.0
        ]
    }
}