{
    "dha;pep": {
        "Escherichia coli": [
            4.833333333333333
        ]
    },
    "REST": {
        "Escherichia coli": [
            0.20833333333333334
        ]
    }
}