{
    "atp;dha": {
        "Klebsiella pneumoniae": [
            9.16666667,
            9.16666667,
            9.16666667
        ],
        "Citrobacter freundii": [
            17.5
        ]
    },
    "REST": {
        "Citrobacter freundii": [
            5.166666666666667,
            4.666666666666667,
            3.966666666666667,
            3.1666666666666665,
            5.0,
            4.166666666666667,
            3.5
        ]
    }
}