{
    "atp;dcdp": {
        "Pisum sativum": [
            106.0
        ]
    },
    "atp;dtdp": {
        "Pisum sativum": [
            147.0
        ]
    },
    "atp;dtmp": {
        "Mycobacterium tuberculosis": [
            4.5
        ],
        "Escherichia coli": [
            10.5
        ]
    },
    "atp;gmp": {
        "Arabidopsis thaliana": [
            3.9
        ]
    },
    "atp;dgmp": {
        "Arabidopsis thaliana": [
            1.4
        ]
    },
    "amp;atp": {
        "Gallus gallus": [
            650.0,
            500.0,
            650.0
        ],
        "Homo sapiens": [
            751.0,
            1100.0,
            151.666667
        ],
        "Oryctolagus cuniculus": [
            17.0
        ],
        "Bacillus subtilis": [
            0.035,
            0.0533333333,
            0.0733333333,
            0.103333333,
            0.135
        ]
    },
    "atp;damp": {
        "Gallus gallus": [
            87.0
        ]
    },
    "REST": {
        "Oryctolagus cuniculus": [
            1.0
        ],
        "Homo sapiens": [
            36.0,
            0.0004,
            0.0038,
            0.00123,
            45.0,
            14.0,
            150.0
        ],
        "Dictyostelium discoideum": [
            10.0
        ],
        "Mus musculus": [
            0.0163
        ]
    },
    "atp;ump": {
        "Streptococcus pneumoniae": [
            120.0,
            120.0,
            120.0,
            120.0,
            120.0,
            120.0,
            120.0,
            120.0,
            120.0,
            120.0,
            120.0,
            120.0,
            175.0,
            175.0,
            175.0,
            175.0,
            175.0,
            175.0,
            175.0,
            175.0,
            175.0,
            175.0,
            175.0,
            175.0
        ],
        "Homo sapiens": [
            130.0,
            92.0
        ],
        "Dictyostelium discoideum": [
            217.0
        ]
    },
    "atp;dcmp": {
        "Homo sapiens": [
            73.0,
            30.0
        ],
        "Dictyostelium discoideum": [
            22.0
        ]
    },
    "atp;cmp": {
        "Homo sapiens": [
            130.0,
            72.0
        ],
        "Dictyostelium discoideum": [
            410.0
        ]
    },
    "atp;minohp": {
        "Homo sapiens": [
            0.00011,
            0.00106,
            0.0005
        ],
        "Mus musculus": [
            0.0053
        ]
    }
}