{
    "REST": {
        "Homo sapiens": [
            0.9166666666666666,
            0.06666666666666667,
            2.216666666666667,
            3.6333333333333333,
            1.8833333333333333,
            40.166666666666664,
            0.00031666666666666665,
            0.02,
            0.0183333333
        ],
        "Rattus norvegicus": [
            0.08,
            4.2,
            9.0,
            9.33333333,
            6666.66667,
            3833.33333,
            25.0,
            766.666667
        ],
        "Arabidopsis thaliana": [
            0.08833333333333333,
            1.2,
            2.8,
            2.1666666666666665,
            4.0,
            0.7,
            165.0,
            10.7,
            54.0,
            30.0
        ],
        "Escherichia coli": [
            48.6,
            0.0002777777777777778,
            1.6666666666666667e-05,
            8.333333333333333e-05
        ],
        "Mycobacterium tuberculosis": [
            1.6,
            2.23333333
        ],
        "Corynebacterium glutamicum": [
            0.5333333333333333,
            0.6,
            0.2833333333333333,
            0.16666666666666666,
            0.23333333333333334,
            0.11666666666666667
        ],
        "Bacillus subtilis": [
            0.87
        ],
        "Flaveria chloraefolia": [
            0.53,
            1.43,
            0.6,
            0.21,
            0.7
        ],
        "Acetobacter aceti": [
            0.46
        ]
    },
    "3oxoadp;succoa": {
        "Pseudomonas sp.": [
            23.8333333
        ]
    },
    "acac;succoa": {
        "Acetobacter aceti": [
            36.5,
            37.0
        ]
    },
    "ac;succoa": {
        "Acetobacter aceti": [
            201.0,
            280.0,
            147.0,
            49.0,
            290.0,
            280.0
        ]
    },
    "accoa;succ": {
        "Acetobacter aceti": [
            70.9,
            75.2,
            71.0
        ]
    },
    "accoa;for": {
        "Acetobacter aceti": [
            1.9
        ]
    },
    "accoa;prpnte": {
        "Acetobacter aceti": [
            65.0
        ]
    },
    "prpnte;succoa": {
        "Acetobacter aceti": [
            65.0
        ]
    },
    "accoa;fum": {
        "Acetobacter aceti": [
            0.89
        ]
    },
    "accoa;mal__D": {
        "Acetobacter aceti": [
            12.0
        ]
    },
    "accoa;mal__L": {
        "Acetobacter aceti": [
            0.74,
            0.8
        ]
    },
    "accoa;oaa": {
        "Acetobacter aceti": [
            0.083
        ]
    },
    "accoa;glutar": {
        "Acetobacter aceti": [
            0.27
        ]
    }
}