{
    "lgt__S;h2o": {
        "Homo sapiens": [
            727.0,
            780.0,
            755.0,
            46.3666667
        ],
        "Arabidopsis thaliana": [
            408.0,
            359.0,
            168.0,
            3930.0,
            484.0,
            470.0,
            136.0,
            240.0,
            129.0,
            466.0
        ],
        "Mus musculus": [
            450.0,
            450.0
        ],
        "Candida albicans": [
            142.0
        ],
        "Plasmodium falciparum": [
            64.3333333,
            119.583333
        ],
        "Escherichia coli": [
            53.0
        ]
    },
    "REST": {
        "Homo sapiens": [
            0.19,
            1.44,
            1.43,
            1.48,
            1.5,
            1.2,
            1.4,
            0.14,
            0.18,
            0.066,
            1.8,
            11.5,
            12.2,
            0.0032,
            183.0,
            188.0,
            0.29,
            1736.0,
            201.0,
            1486.0,
            0.022,
            0.023,
            0.019,
            0.02,
            0.017,
            0.079,
            0.083,
            0.011
        ],
        "Rattus norvegicus": [
            5.66666667,
            5.33333333,
            150.0,
            23.3333333,
            283.333333
        ],
        "Candida albicans": [
            82.0,
            68.0
        ],
        "Salmonella typhimurium": [
            168.8,
            209.9,
            149.9,
            394.9
        ],
        "Arabidopsis thaliana": [
            74.0
        ],
        "Saccharomyces cerevisiae": [
            979.0,
            35.1,
            723.0,
            605.0,
            25.8,
            38.1
        ],
        "Escherichia coli": [
            0.3,
            0.14,
            0.26,
            0.05,
            1.02,
            0.37,
            0.36,
            0.49,
            5.09,
            10.13,
            15.29,
            88.99
        ],
        "Rhodotorula aurantiaca": [
            106.0
        ],
        "Arthrobacter sp.": [
            0.08,
            0.25,
            6.7
        ],
        "Bacillus halodurans": [
            0.34,
            0.13,
            6.5,
            7.3,
            0.0081,
            0.042
        ],
        "Pseudomonas reinekei": [
            8.9,
            0.74,
            18.0,
            19.0
        ],
        "Pseudomonas sp.": [
            0.123,
            0.27,
            0.047,
            1.1,
            6.8,
            9.7,
            12.0,
            0.038,
            18.3
        ]
    },
    "accoa;h2o": {
        "Rattus norvegicus": [
            6.66666667
        ],
        "Homo sapiens": [
            0.054
        ],
        "Arthrobacter sp.": [
            0.0108
        ]
    },
    "h2o;ppcoa": {
        "Rattus norvegicus": [
            2.0
        ],
        "Homo sapiens": [
            0.036
        ],
        "Arthrobacter sp.": [
            0.026
        ],
        "Bacillus halodurans": [
            0.058
        ]
    },
    "h2o;Sfglutth": {
        "Escherichia coli": [
            28.5,
            6.51
        ]
    },
    "deccoa;h2o": {
        "Homo sapiens": [
            0.016
        ],
        "Rhodotorula aurantiaca": [
            136.0
        ]
    },
    "h2o;octcoa": {
        "Homo sapiens": [
            0.0047
        ],
        "Rhodotorula aurantiaca": [
            159.0
        ],
        "Arthrobacter sp.": [
            0.00073
        ]
    },
    "butcoa;h2o": {
        "Homo sapiens": [
            0.047
        ],
        "Arthrobacter sp.": [
            0.0319
        ]
    },
    "b2coa;h2o": {
        "Homo sapiens": [
            0.014,
            0.0076
        ],
        "Arthrobacter sp.": [
            0.075
        ]
    },
    "h2o;myrstcoa": {
        "Homo sapiens": [
            0.02,
            19.7,
            4.2,
            0.07
        ],
        "Rhodotorula aurantiaca": [
            183.0
        ]
    },
    "h2o;palmcoa": {
        "Homo sapiens": [
            16.6,
            0.0044
        ],
        "Rhodotorula aurantiaca": [
            153.0
        ]
    },
    "h2o;srcoa": {
        "Homo sapiens": [
            0.011,
            1.2
        ],
        "Rhodotorula aurantiaca": [
            121.0
        ]
    },
    "34dphacoa;h2o": {
        "Homo sapiens": [
            0.19
        ]
    },
    "h2o;phaccoa": {
        "Homo sapiens": [
            0.084
        ],
        "Arthrobacter sp.": [
            0.0009
        ],
        "Bacillus halodurans": [
            0.034
        ]
    },
    "3hbzcoa;h2o": {
        "Homo sapiens": [
            0.011
        ],
        "Arthrobacter sp.": [
            15.8
        ],
        "Bacillus halodurans": [
            1.5
        ],
        "Pseudomonas reinekei": [
            15.0
        ]
    },
    "gcoa;h2o": {
        "Homo sapiens": [
            0.05
        ]
    },
    "3hibutcoa;h2o": {
        "Rattus norvegicus": [
            266.0
        ]
    },
    "lnlncacoa;h2o": {
        "Homo sapiens": [
            13.3
        ]
    },
    "benzcoa;h2o": {
        "Arthrobacter sp.": [
            1.86
        ],
        "Bacillus halodurans": [
            0.068
        ],
        "Pseudomonas sp.": [
            0.26,
            1.0
        ]
    }
}