{
    "ach;h2o": {
        "Mus musculus": [
            2500.0
        ],
        "Hirudo medicinalis": [
            11.7,
            29.73
        ]
    },
    "REST": {
        "Homo sapiens": [
            0.0766666667,
            6.0,
            7.0,
            8.0,
            11.0533333,
            0.0565,
            17.3683333,
            17.0,
            18.0,
            6166.66667,
            31.0,
            0.0283333333,
            0.0666666667,
            0.00416666667,
            0.00216666667,
            44.0,
            3e-05,
            70.0,
            77.895,
            80.0,
            4.08333333e-05,
            0.0366666667,
            105.0,
            2666.66667,
            0.000833333333,
            0.0085,
            625.0,
            116.0,
            125.0,
            0.0005,
            1666.66667,
            4.33333333e-06,
            140.0,
            0.00466666667,
            0.00266666667,
            0.000266666667,
            170.0,
            183.333333,
            190.0,
            0.0733333333,
            7885.0,
            0.00283333333,
            210.0,
            0.005,
            3320.0,
            250.0,
            0.003,
            0.313333333,
            5400.0,
            1.5e-05,
            3360.0,
            0.00516666667,
            800.0,
            292.631667,
            0.00316666667,
            0.00116666667,
            1833.33333,
            0.225,
            833.333333,
            0.00533333333,
            338.421667,
            7000.0,
            866.666667,
            360.526667,
            8.16666667e-05,
            375.0,
            0.0216666667,
            0.0015,
            0.000216666667,
            0.00566666667,
            0.00166666667,
            0.000133333333,
            0.034,
            0.0118333333,
            3.33333333e-05,
            466.666667,
            0.00183333333,
            0.0583333333,
            0.0281666667,
            0.000516666667,
            0.008,
            0.006
        ],
        "Hirudo medicinalis": [
            29.1,
            41.6,
            44.52,
            3.95,
            0.23,
            0.93,
            4.06,
            1.59,
            0.03,
            2.09
        ],
        "Mus musculus": [
            666.666667,
            2333.33333
        ],
        "Streptomyces sp.": [
            96.7,
            1.4,
            2.9,
            4.5,
            70.8,
            110.0,
            23.5,
            31.2
        ],
        "Triticum aestivum": [
            0.171666667,
            9.43333333,
            0.00866666667
        ],
        "Bacillus sp.": [
            35.67,
            37.63,
            20.22,
            22.68,
            22.17,
            27.53,
            28.63,
            29.3
        ],
        "Sphingobium wenxiniae": [
            0.91,
            1.28,
            2.61,
            3.0,
            3.03,
            2.53,
            2.57,
            0.79,
            0.44,
            49.0,
            118.0,
            183.0
        ],
        "Escherichia coli": [
            1.5,
            4.0,
            6.1,
            9.3,
            13.1,
            18.5
        ],
        "Alicyclobacillus acidocaldarius": [
            2180.0,
            390.0,
            1290.0,
            1930.0,
            21.0,
            30.0,
            37.0,
            1960.0,
            45.0,
            945.0,
            950.0,
            835.0,
            327.0,
            205.0,
            333.0,
            340.0,
            85.0,
            980.0,
            3420.0,
            480.0,
            105.0,
            110.0,
            118.0
        ],
        "Oryctolagus cuniculus": [
            0.0158333333,
            0.0508333333,
            0.109666667
        ],
        "Rattus norvegicus": [
            0.0248333333,
            0.00533333333,
            0.0381666667,
            0.008,
            0.004
        ],
        "Sus scrofa": [
            0.623333333,
            0.56,
            0.533333333,
            1.39166667,
            0.676666667,
            1.555,
            0.315,
            0.241666667,
            0.203333333,
            0.381666667,
            6.08333333,
            8.73166667,
            1.375,
            0.055,
            0.0333333333,
            18.0,
            20.15,
            0.111666667,
            0.00916666667,
            27.4183333,
            0.101666667,
            0.0933333333,
            0.05,
            0.115,
            0.0716666667,
            0.065,
            0.121666667,
            295.0,
            50.0,
            315.0,
            60.0,
            63.6233333,
            0.035,
            0.0833333333,
            0.0783333333,
            0.00833333333,
            70.0,
            460.0,
            0.8,
            0.55,
            1.11666667,
            1.095,
            0.445,
            0.285
        ],
        "Geobacillus stearothermophilus": [
            38.0,
            39.758
        ],
        "Actinidia eriantha": [
            0.162,
            1.61,
            2.0,
            0.0018,
            10.1,
            0.01
        ],
        "Aspergillus niger": [
            160.0,
            265.0,
            400.0,
            20.0,
            25.0,
            60.0
        ],
        "Archaeoglobus fulgidus": [
            40.0,
            200.0,
            140.0,
            110.0,
            50.0,
            210.0,
            95.0
        ],
        "Rhizomucor miehei": [
            5400.0,
            420.0,
            200.0,
            10.0,
            5390.0,
            1620.0,
            950.0,
            1080.0,
            3450.0,
            3675.0
        ],
        "Cavia porcellus": [
            130.0,
            70.0,
            200.0,
            555.0,
            750.0,
            270.0,
            50.0,
            375.0,
            1500.0,
            125.0
        ],
        "Fusarium solani": [
            130.0,
            525.0,
            240.0,
            305.0,
            210.0,
            115.0,
            50.0,
            245.0,
            285.0,
            255.0
        ],
        "Bacillus subtilis": [
            100.0,
            165.0,
            1935.0,
            240.0,
            145.0,
            50.0,
            150.0,
            120.0,
            635.0
        ],
        "Thermomyces lanuginosus": [
            12000.0,
            225.0,
            580.0,
            455.0,
            2600.0,
            2250.0,
            2900.0,
            1885.0,
            1950.0
        ],
        "Mycobacterium tuberculosis": [
            185.0
        ],
        "Pseudomonas reinekei": [
            1633.33333,
            2650.0
        ],
        "Talaromyces stipitatus": [
            9.65,
            9.26,
            9.55
        ],
        "Aspergillus awamori": [
            0.85,
            2.33
        ],
        "Helicobacter pylori": [
            42.483333333333334,
            20.15
        ],
        "Bos taurus": [
            0.26
        ],
        "Nicotiana tabacum": [
            0.08833333333333333,
            0.25
        ]
    },
    "h2o;pac": {
        "Homo sapiens": [
            854.0
        ]
    },
    "h2o;pectin": {
        "Erwinia chrysanthemi": [
            450.0
        ]
    },
    "6pgl;h2o": {
        "Bos taurus": [
            14.3
        ]
    }
}