{
    "fdp;h2o": {
        "Sus scrofa": [
            21.0,
            21.0,
            21.0,
            21.0,
            21.0,
            21.0,
            21.0,
            21.0,
            18.4,
            18.4,
            18.4,
            18.4,
            19.0,
            22.0,
            22.0,
            22.0,
            22.0,
            21.0,
            9.1,
            12.5,
            12.5,
            18.0,
            18.0,
            20.0
        ],
        "Escherichia coli": [
            24.0,
            8.0,
            26.0,
            24.0,
            8.0,
            26.0,
            24.0,
            8.0,
            26.0,
            24.0,
            24.0
        ],
        "Homo sapiens": [
            23.4,
            20.8,
            23.4,
            20.8
        ],
        "Spinacia oleracea": [
            125.0
        ]
    },
    "REST": {
        "Corynebacterium glutamicum": [
            3.2
        ],
        "Sus scrofa": [
            22.0,
            22.0
        ],
        "Methanocaldococcus jannaschii": [
            7.0,
            2.7
        ],
        "Archaeoglobus fulgidus": [
            2.7
        ],
        "Thermotoga maritima": [
            268.0
        ],
        "Escherichia coli": [
            0.0,
            33.0,
            4.9,
            5.93,
            101.0,
            39.0,
            27.0,
            9.84,
            10.0,
            29.0,
            26.0,
            91.0,
            61.0
        ],
        "Schizosaccharomyces pombe": [
            0.00054,
            5.48,
            7.48,
            7.28,
            9.64,
            10.5,
            11.0,
            11.2,
            41.2
        ],
        "Semliki forest virus": [
            0.09166666666666666
        ],
        "Homo sapiens": [
            0.24,
            0.35,
            2.9,
            3.2,
            0.9,
            5.1,
            5.2,
            1.52,
            1.25,
            0.45,
            109.0,
            53.0,
            121.0,
            62.0
        ],
        "Drosophila melanogaster": [
            6.3
        ],
        "Arabidopsis thaliana": [
            1.76
        ],
        "Oryctolagus cuniculus": [
            39.0
        ],
        "Chromobacterium violaceum": [
            0.05,
            3.3,
            4.2,
            5.4,
            5.2,
            7.1,
            8.6,
            9.4,
            4.3,
            11.6,
            12.3
        ],
        "Saccharomyces cerevisiae": [
            2.55,
            3.4,
            4.2,
            3.09,
            6.8,
            7.0,
            7.9,
            9.0,
            3.35,
            8.1
        ],
        "Bacillus subtilis": [
            0.017,
            0.016,
            0.061,
            0.06,
            0.028
        ],
        "Rattus norvegicus": [
            0.013
        ],
        "Spinacia oleracea": [
            0.42,
            21.0
        ]
    },
    "4nphp;h2o": {
        "Schizosaccharomyces pombe": [
            0.00404
        ],
        "Escherichia coli": [
            0.56,
            3.55,
            4.1,
            7.0,
            156.0,
            31.0,
            37.0,
            38.0,
            39.0,
            43.0,
            44.4,
            44.0,
            60.0,
            69.0,
            71.0,
            73.0,
            79.0,
            80.5,
            81.0,
            80.0
        ],
        "Homo sapiens": [
            0.06,
            0.6,
            0.904,
            0.4,
            0.013,
            0.136,
            198.0,
            1.0,
            0.0061,
            0.0094
        ],
        "Salmonella typhimurium": [
            62.0
        ],
        "Rattus norvegicus": [
            0.84,
            1.61
        ],
        "Saccharomyces cerevisiae": [
            4.5
        ],
        "Yersinia enterocolitica": [
            3.84,
            46.6,
            816.0,
            277.0,
            278.0,
            345.0,
            283.0,
            285.0
        ],
        "Bacillus subtilis": [
            0.022
        ],
        "Bos taurus": [
            29.2,
            15.0
        ],
        "Mus musculus": [
            56.0
        ],
        "Arabidopsis thaliana": [
            0.15
        ],
        "Staphylococcus aureus": [
            0.00883333333
        ]
    },
    "2pglyc;h2o": {
        "Escherichia coli": [
            94.0
        ]
    },
    "5aprbu;h2o": {
        "Bacillus subtilis": [
            5.566666666666666,
            0.8833333333333333,
            0.65
        ]
    },
    "amp;h2o": {
        "Escherichia coli": [
            4.9,
            750.0,
            23.0
        ],
        "Homo sapiens": [
            0.04
        ],
        "Drosophila melanogaster": [
            0.28
        ]
    },
    "gmp;h2o": {
        "Escherichia coli": [
            65.0,
            11.0
        ],
        "Homo sapiens": [
            0.07
        ],
        "Drosophila melanogaster": [
            0.88
        ]
    },
    "dgmp;h2o": {
        "Escherichia coli": [
            8.04,
            0.2,
            15.0
        ]
    },
    "damp;h2o": {
        "Escherichia coli": [
            0.3,
            14.0
        ]
    },
    "dtmp;h2o": {
        "Escherichia coli": [
            0.16,
            30.4
        ]
    },
    "dump;h2o": {
        "Escherichia coli": [
            0.23,
            24.0,
            21.4
        ]
    },
    "dimp;h2o": {
        "Escherichia coli": [
            0.24
        ]
    },
    "dcmp;h2o": {
        "Escherichia coli": [
            0.23,
            26.0
        ]
    },
    "h2o;ump": {
        "Escherichia coli": [
            34.2,
            61.0
        ],
        "Homo sapiens": [
            6.2
        ],
        "Drosophila melanogaster": [
            2.3
        ]
    },
    "cmp;h2o": {
        "Homo sapiens": [
            19.0,
            7.0
        ],
        "Drosophila melanogaster": [
            12.0
        ],
        "Escherichia coli": [
            26.0
        ]
    },
    "h2o;minohp": {
        "Bacillus subtilis": [
            5.166666666666667,
            1.7833333333333332
        ]
    },
    "h2o;pser__L": {
        "Escherichia coli": [
            1.43
        ]
    },
    "glyc2p;h2o": {
        "Escherichia coli": [
            2.9
        ]
    },
    "atp;h2o": {
        "Homo sapiens": [
            119.0
        ]
    },
    "h2o;utp": {
        "Homo sapiens": [
            119.0
        ]
    },
    "gtp;h2o": {
        "Homo sapiens": [
            113.0
        ]
    },
    "dttp;h2o": {
        "Homo sapiens": [
            107.0
        ]
    },
    "ctp;h2o": {
        "Homo sapiens": [
            93.0
        ]
    },
    "gdp;h2o": {
        "Homo sapiens": [
            86.0
        ]
    },
    "h2o;udp": {
        "Homo sapiens": [
            79.0
        ]
    },
    "adp;h2o": {
        "Homo sapiens": [
            73.0
        ]
    },
    "h2o;tdp": {
        "Homo sapiens": [
            69.0
        ]
    },
    "cdp;h2o": {
        "Homo sapiens": [
            58.0
        ]
    },
    "h2o;pep": {
        "Homo sapiens": [
            2.0
        ]
    },
    "pap;h2o": {
        "Thermus thermophilus": [
            95.0
        ],
        "Mycoplasma pneumoniae": [
            0.75
        ],
        "Chromobacterium violaceum": [
            22.0
        ]
    },
    "mi1p__D;h2o": {
        "Homo sapiens": [
            22.0,
            22.0
        ],
        "Methanocaldococcus jannaschii": [
            4.2,
            1.5
        ],
        "Archaeoglobus fulgidus": [
            2.5
        ],
        "Thermotoga maritima": [
            207.0
        ],
        "Escherichia coli": [
            6.5
        ]
    },