{
    "REST": {
        "Escherichia coli": [
            1.5916666666666666e-05,
            4.033333333333333e-05
        ],
        "Bacillus subtilis": [
            1.1166666666666668e-05,
            5.583333333333333e-05,
            0.019
        ]
    }
}