{
    "REST": {
        "Schizosaccharomyces pombe": [
            11.2,
            11.0,
            9.64,
            7.48,
            5.48,
            7.28,
            0.00054,
            10.5,
            41.2
        ]
    },
    "4nphp;h2o": {
        "Schizosaccharomyces pombe": [
            0.00404
        ]
    }
}