{
    "REST": {
        "Bacillus subtilis": [
            0.72,
            0.81,
            0.85,
            0.7,
            0.9,
            0.26,
            6.1,
            6.42,
            0.42,
            1.1,
            0.25,
            11.1333333,
            8.2,
            0.34,
            12.0,
            0.75,
            0.18,
            22.0,
            32.0,
            0.27,
            0.52,
            420.0,
            295.0,
            0.36,
            1450.0,
            43.9166667,
            306.0,
            0.87,
            61.2,
            0.29,
            0.54,
            0.46,
            0.63,
            75.1166667,
            2.3,
            81.0,
            0.47,
            0.97,
            86.55,
            23000.0,
            0.64,
            88.0,
            0.4,
            108.183333,
            0.32,
            22000.0,
            370.0,
            246.0,
            0.66
        ],
        "Sulfolobus solfataricus": [
            0.92,
            1.51,
            0.05,
            1.9,
            4.69,
            4.03333333,
            2.76666667,
            287.0,
            425.0,
            16.0,
            538.0,
            95.0
        ],
        "Bacteroides ovatus": [
            0.071,
            1.6,
            32.6,
            0.12,
            4.0,
            65.0,
            0.62,
            3.39,
            4.91,
            1.74,
            10.5,
            11.1,
            0.25,
            0.057,
            435.3,
            31.0
        ],
        "Aspergillus fumigatus": [
            2246.0,
            1935.0
        ],
        "Hordeum vulgare": [
            0.91,
            1.95,
            130.0,
            3.9,
            1.44,
            0.5,
            6.5,
            3.06,
            8.88,
            9.2,
            9.6,
            11.66,
            12.9,
            11.8,
            13.1,
            15.0,
            3.0,
            155.0,
            6.9,
            36.0,
            2.3,
            4.7,
            0.01
        ],
        "Dioscorea opposita": [
            0.645,
            1.069,
            0.591,
            0.629
        ],
        "Pagrus major": [
            0.262,
            0.329
        ],
        "Todarodes pacificus": [
            0.196,
            1.22
        ],
        "Bombyx mori": [
            0.059,
            0.011,
            0.084,
            0.023
        ],
        "Serratia marcescens": [
            0.4,
            1.2,
            3.5,
            10.0,
            13.0,
            17.0,
            18.0
        ],
        "Thermotoga neapolitana": [
            512.55,
            345.71,
            883.9,
            333.68
        ],
        "Gibberella fujikuroi": [
            104.0,
            106.3,
            81.1,
            21.6,
            24.6,
            122.5
        ],
        "Saccharomyces cerevisiae": [
            0.88
        ],
        "Solanum tuberosum": [
            18.75,
            35.9,
            100.4,
            69.6
        ],
        "Aspergillus nidulans": [
            0.61,
            2.4,
            11.0,
            21.0,
            22.0,
            30.0
        ],
        "Mortierella alliacea": [
            56.8,
            58.6
        ],
        "Thermus thermophilus": [
            11.0,
            22.0,
            343.0
        ],
        "Apis mellifera": [
            195.0,
            4.67,
            37.0,
            135.0,
            104.0,
            11.1,
            16.3,
            148.0,
            21.5
        ],
        "Thermotoga maritima": [
            9.12,
            10.48,
            1.6,
            1.9
        ],
        "Erwinia rhapontici": [
            0.85,
            0.43333333333333335,
            0.26666666666666666,
            0.2,
            0.4,
            0.3833333333333333,
            0.45,
            0.36666666666666664,
            0.5833333333333334
        ],
        "Paenibacillus sp.": [
            65.6,
            12.7,
            77.6,
            560.0,
            470.0
        ],
        "Escherichia coli": [
            0.76,
            0.9,
            0.67,
            0.81,
            0.72,
            0.41,
            0.42,
            7.0,
            5.2,
            5.5,
            1.75,
            11.0,
            13.0,
            14.3,
            130.0,
            16.0,
            147.0,
            1.76,
            150.0,
            157.0,
            31.7,
            34.0,
            36.0,
            38.0,
            39.0,
            1190.0,
            51.0,
            58.0,
            186.0,
            0.031,
            66.0,
            580.0,
            68.0,
            70.0,
            0.029,
            2.55,
            82.5,
            211.0,
            600.0,
            0.64,
            90.0,
            219.6,
            98.0,
            0.012,
            620.0,
            750.0,
            0.99,
            498.0,
            120.0,
            123.4,
            0.001
        ],
        "Aspergillus saitoi": [
            1.95,
            2.53
        ],
        "Clostridium sp.": [
            45.55,
            6.92
        ],
        "Bacteroides thetaiotaomicron": [
            0.015,
            161.0,
            160.0,
            141.0,
            270.0,
            207.0,
            244.0,
            53.0,
            182.0,
            280.0,
            91.0
        ],
        "Bifidobacterium breve": [
            1.8316666666666668,
            3.631666666666667
        ],
        "Homo sapiens": [
            0.87,
            0.83,
            2.98,
            1.5725,
            1.22916667,
            0.121,
            0.0,
            7.16666667,
            3.13,
            1.88,
            3.12,
            5.53,
            1.5,
            10.7,
            12.1,
            0.75,
            13.0,
            17.6,
            21.6666667,
            1.26,
            22.92,
            0.6,
            0.00716666667,
            0.77,
            0.69,
            41.6666667,
            2.6,
            1.53,
            0.00638888889,
            0.29,
            1.08,
            0.0255,
            0.3,
            78.3333333,
            3.55,
            3.05,
            5.97,
            0.73,
            1.4,
            0.24,
            0.66,
            1.17
        ],
        "Alteromonas haloplanktis": [
            392.0,
            697.0
        ],
        "Sus scrofa": [
            291.0,
            141.0
        ],
        "Vigna angularis": [
            85.3,
            62.4
        ],
        "Lactobacillus amylovorus": [
            14000000.0,
            1300.0
        ],
        "Lactobacillus plantarum": [
            12000000.0,
            190.0
        ],
        "Ovis aries": [
            2.1,
            6.5,
            6.3,
            7.5
        ],
        "Geobacillus stearothermophilus": [
            64.0,
            73.0,
            41.0,
            77.0,
            14.6,
            206.36666666666667,
            80.0,
            18.0,
            50.0,
            20.0,
            25.0,
            61.0,
            57.0
        ],
        "Thermoanaerobacter saccharolyticum": [
            0.0048,
            7.3,
            8.9,
            9.7,
            9.9,
            11.0,
            0.0013,
            0.0032
        ],
        "Aspergillus awamori": [
            0.24,
            70.0,
            10.0,
            13.1,
            13.5,
            14.2,
            15.4,
            17.7,
            18.0,
            14.3,
            17.5,
            31.5
        ],