{
    "REST": {
        "Raphanus sativus": [
            2.11,
            287.0
        ],
        "Arabidopsis thaliana": [
            0.87,
            1.2,
            2.3,
            1.35,
            1.65,
            65.0,
            226.0,
            7.3,
            33.0,
            12.0,
            46.0,
            17.0,
            157.0
        ],
        "Enterobacter aerogenes": [
            33.0
        ],
        "Hordeum vulgare": [
            0.91,
            0.5,
            130.0,
            3.9,
            4.7,
            3.06,
            6.5,
            6.9,
            3.0,
            9.2,
            9.6,
            2.3,
            12.9,
            13.1,
            8.88,
            15.0,
            11.66,
            11.8,
            155.0,
            36.0,
            1.44,
            1.95,
            0.01
        ],
        "Bacillus licheniformis": [
            0.5,
            0.4,
            0.6,
            3.3,
            4.0,
            7.8,
            7.0,
            41.0,
            42.0,
            43.0,
            400.0,
            18.0
        ],
        "Bacillus amyloliquefaciens": [
            300.783333,
            109.416667
        ],
        "Aspergillus fumigatus": [
            2246.0,
            1935.0
        ],
        "Bacillus subtilis": [
            0.72,
            0.81,
            0.85,
            0.9,
            0.7,
            0.26,
            6.42,
            6.1,
            0.42,
            1.1,
            0.25,
            11.1333333,
            8.2,
            0.34,
            12.0,
            0.75,
            0.18,
            22.0,
            32.0,
            0.27,
            0.52,
            420.0,
            0.0016666666666666668,
            295.0,
            0.36,
            1450.0,
            43.9166667,
            306.0,
            0.87,
            61.2,
            0.29,
            0.54,
            0.46,
            0.63,
            75.1166667,
            2.3,
            0.47,
            0.97,
            81.0,
            86.55,
            88.0,
            0.64,
            23000.0,
            0.0008833333333333333,
            0.4,
            108.183333,
            0.32,
            22000.0,
            370.0,
            246.0,
            0.66
        ],
        "Aspergillus saitoi": [
            1.95,
            2.53
        ],
        "Geobacillus stearothermophilus": [
            64.0,
            73.0,
            41.0,
            77.0,
            14.6,
            206.36666666666667,
            80.0,
            18.0,
            50.0,
            20.0,
            25.0,
            61.0,
            57.0
        ],
        "Thermoanaerobacter saccharolyticum": [
            0.0048,
            7.3,
            8.9,
            9.7,
            9.9,
            11.0,
            0.0013,
            0.0032
        ],
        "Aspergillus awamori": [
            0.24,
            70.0,
            10.0,
            13.1,
            13.5,
            14.2,
            15.4,
            17.7,
            18.0,
            14.3,
            17.5,
            31.5
        ],
        "Aspergillus niger": [
            36.08,
            13.7
        ],
        "Geobacillus thermodenitrificans": [
            1954.0,
            262.0
        ],
        "Talaromyces emersonii": [
            0.017,
            0.0029,
            0.0034
        ],
        "Trichoderma reesei": [
            0.1,
            0.13,
            0.69,
            1.52,
            0.09,
            5.68,
            4.34,
            6.87,
            3.32,
            17.31,
            0.0147,
            0.003,
            0.002
        ],
        "Medicago sativa": [
            0.96,
            1.75,
            4.7
        ],
        "Bifidobacterium breve": [
            1.8316666666666668,
            3.631666666666667
        ],
        "Cellulomonas fimi": [
            0.18,
            129.0,
            482.0,
            0.366666667,
            0.00433333333
        ],
        "Acremonium persicinum": [
            172.0
        ],
        "Metarhizium anisopliae": [
            0.91,
            1.02,
            0.94,
            0.99
        ],
        "Metacordyceps brittlebankisoides": [
            0.94
        ],
        "Metarhizium flavoviride": [
            0.67
        ],
        "Homo sapiens": [
            0.83,
            0.87,
            2.98,
            1.5725,
            1.22916667,
            0.121,
            0.0,
            7.16666667,
            3.13,
            1.88,
            5.53,
            3.12,
            1.5,
            10.7,
            12.1,
            0.75,
            13.0,
            17.6,
            21.6666667,
            8.333333333333333e-05,
            1.26,
            22.92,
            0.6,
            0.00716666667,
            0.77,
            0.69,
            0.0021666666666666666,
            41.6666667,
            2.6,
            1.53,
            0.00638888889,
            0.29,
            1.08,
            0.0255,
            0.3,
            78.3333333,
            3.55,
            3.05,
            5.97,
            0.73,
            1.4,
            0.24,
            0.66,
            1.17
        ],
        "Agarivorans albus": [
            0.46,
            0.27
        ],
        "Zobellia galactanivorans": [
            248.0,
            100.0,
            150.0
        ],
        "Cellvibrio japonicus": [
            2.08333333,
            2.43333333,
            5.61666667,
            70.6,
            42.6833333,
            588.433333,
            78.75
        ],
        "Bacillus circulans": [
            148.633333
        ],
        "Scheffersomyces stipitis": [
            1354.0
        ],
        "Aspergillus terreus": [
            412.0
        ],
        "Drosophila melanogaster": [
            8.6,
            0.0051
        ],
        "Lactobacillus reuteri": [
            88.9,
            10.0
        ],
        "Solanum lycopersicum": [
            7250.0
        ],
        "Solanum tuberosum": [
            18.75,
            35.9,
            100.4,
            69.6
        ],
        "Saccharum officinarum": [
            21.0
        ],
        "Alteromonas haloplanktis": [
            392.0,
            697.0
        ],
        "Sus scrofa": [
            291.0,
            141.0
        ],
        "Vigna angularis": [
            85.3,
            62.4
        ],
        "Lactobacillus amylovorus": [
            14000000.0,
            1300.0
        ],
        "Lactobacillus plantarum": [
            12000000.0,
            190.0
        ],
        "Sulfolobus solfataricus": [
            0.92,
            1.51,
            0.05,
            1.9,
            4.69,
            4.03333333,
            2.76666667,
            425.0,
            16.0,
            538.0,
            95.0,
            287.0
        ],
        "Paenibacillus sp.": [
            65.6,
            12.7,
            77.6,
            560.0,
            470.0
        ],
        "Prunus dulcis": [
            0.9,
            108.975,
            15.138333333333332
        ],
        "Thermosphaera aggregans": [
            309.0,
            439.8
        ],
        "Pyrococcus furiosus": [
            1796.9,
            1189.0
        ],