{
    "REST": {
        "Streptomyces griseus": [
            391.0,
            380.0,
            33.6,
            42.4,
            1.71,
            1.72,
            1.54,
            38.55,
            0.191,
            0.177,
            0.039,
            0.128
        ],
        "Lactococcus lactis": [
            1.9832,
            35.6976,
            36.4413,
            37.6808,
            6.1975,
            105.3575,
            16.3614,
            247.9,
            59.0002,
            29.748
        ],
        "Microbacterium esteraromaticum": [
            0.68,
            1.4,
            2.0,
            13.4,
            50.1
        ],
        "Homo sapiens": [
            0.405,
            1.0,
            1.9,
            3.8,
            4.48,
            4.3,
            5.4,
            7.7,
            519.3,
            4.9,
            7.9,
            11.0,
            10.6,
            9.5,
            14.7,
            11.9,
            15.2,
            3.0,
            18.9,
            16.3,
            12.7,
            21.1,
            22.9,
            4.0,
            24.3,
            24.1,
            5.0,
            27.9,
            27.1,
            0.0001,
            30.5,
            31.0,
            1.5,
            33.8,
            0.00416666667,
            28.0,
            27.0,
            29.0,
            32.0,
            34.0,
            40.0,
            41.66,
            8.5,
            43.8,
            45.9,
            46.0,
            45.0,
            9.0,
            0.0002,
            51.0,
            10.0,
            53.0,
            1.76666667,
            50.0,
            56.4,
            56.9,
            58.3,
            59.5,
            60.6,
            56.0,
            62.0,
            63.0,
            57.0,
            60.0,
            70.0,
            73.0,
            75.5,
            15.5,
            16.1,
            3.5,
            16.0,
            88.0,
            90.01,
            90.3,
            92.0,
            99.0,
            100.7,
            101.0,
            100.0,
            106.6,
            2.4,
            2.9,
            110.0,
            3.4,
            114.0,
            120.0,
            0.0005,
            0.2,
            130.0,
            26.0,
            133.0,
            138.0,
            2.51,
            0.135,
            4.4,
            150.0,
            5.9,
            0.00666666667,
            6.51,
            6.9,
            0.043,
            160.0,
            7.4,
            167.0,
            8.9,
            170.0,
            183.0,
            196.0,
            2.8,
            2.3,
            15.5666667,
            0.8,
            210.0,
            5.3,
            5.8,
            5.12,
            6.62,
            230.0,
            0.011,
            750.0,
            0.007,
            246.56666666666666,
            1.66,
            1.16,
            247.8,
            27900.0,
            0.35,
            0.85,
            0.12,
            0.4,
            0.0011,
            297.0,
            8.8,
            9.2,
            9.3,
            9.7,
            0.7,
            10.3,
            1.7,
            0.00616666667,
            11.05,
            11.8,
            12.8,
            0.09,
            320.0,
            13.2,
            2.2,
            2.45,
            2.7,
            3.7,
            4.7,
            341.666667,
            5.2,
            5.7,
            6.7,
            6.2,
            1.21666667,
            360.0,
            0.49,
            1.7166666666666666,
            381.266667,
            0.3,
            0.06,
            1.26666667,
            0.425,
            4.6,
            408.0,
            5.6,
            414.0,
            6.6,
            0.05,
            7.1,
            7.6,
            1.6,
            1.1,
            2.6,
            0.04,
            0.03,
            0.034,
            3.36666667,
            0.02,
            0.8666666666666667,
            0.01,
            0.004
        ],
        "Bacillus sp.": [
            1290.0,
            547.0,
            13.0,
            503.0
        ],
        "Ochrobactrum anthropi": [
            210.0,
            580.0
        ],
        "Escherichia coli": [
            0.631,
            0.1,
            0.59,
            1.4,
            1.81666667,
            5.11666667,
            39.0,
            110.5,
            178.333333,
            83.3333333,
            20.0,
            28.0,
            30.0
        ],
        "Lupinus luteus": [
            0.813
        ],
        "Arabidopsis thaliana": [
            2.48,
            4.58,
            39.25,
            107.26666666666667,
            22.78333333333333
        ],
        "Gallus gallus": [
            0.1,
            0.355,
            0.473,
            0.5,
            6.89,
            7.69,
            44.2
        ],
        "Saccharomyces cerevisiae": [
            0.3,
            1.91666667,
            2.16666667,
            4.9,
            5.4,
            76.5,
            49.4,
            55.3,
            25.1
        ],
        "Sus scrofa": [
            1.04,
            1.6,
            2.72,
            1.55,
            7.0,
            8.0,
            140.0,
            6000.0
        ],
        "Lactococcus lactis subsp. cremoris": [
            418.0,
            2180.0,
            7.41,
            264.0,
            45.0,
            178.0,
            181.0,
            120.0,
            26.0,
            670.0
        ],
        "Streptococcus pyogenes": [
            0.042,
            0.0027
        ],
        "Bacillus thermoproteolyticus": [
            0.125,
            1.6,
            0.36,
            131.6,
            3.0,
            5.2,
            7.8,
            7.1,
            11.2,
            780.6,
            398.3,
            148.0,
            21.9,
            22.6,
            150.6,
            25.0,
            416.0,
            418.9,
            162.0,
            38.5,
            169.0,
            41.6,
            44.5,
            50.0,
            53.0,
            1462.0,
            59.3,
            446.4,
            62.4,
            65.4,
            5208.0,
            89.0,
            996.9,
            105.0,
            362.0,
            625.0,
            374.0,
            120.0,
            127.5
        ],
        "Bacillus lentus": [
            153.0,
            1940.0
        ],
        "Plasmodium falciparum": [
            2.2
        ],
        "Bacillus subtilis": [
            0.47,
            1.94,
            2.5,
            3.4,
            1.2,
            2.89,
            4.94,
            3.3,
            0.687,
            9.15,
            2.65,
            7.3,
            6.1,
            2.0,
            10.0,
            15.0,
            16.7,
            17.7,
            18.0,
            17.6,
            19.7,
            19.3,
            17.0,
            23.0,
            0.43,
            28.0,
            34.4,
            34.0,
            42.0,
            0.0012,
            51.8,
            52.1,
            55.0,
            0.37,
            5.7e-05,
            3005.0,
            0.1,
            0.03,
            1986.0,
            0.022,
            7.2e-05,
            2.5e-05,
            3.7e-05,
            0.00012,
            0.00028,
            379.0,
            1150.0
        ],