{
    "REST": {
        "Bos taurus": [
            56.6666667,
            100.0,
            118.333333,
            191.666667,
            400.0,
            675.0,
            135.833333,
            468.333333,
            988.333333,
            16.6666667,
            41.6666667
        ],
        "Sus scrofa": [
            7.0
        ],
        "Arabidopsis thaliana": [
            107.26666666666667,
            22.78333333333333,
            39.25
        ],
        "Solanum lycopersicum": [
            240.65,
            235.06666666666666,
            85.68333333333334,
            323.0,
            574.7833333333333,
            181.03333333333333,
            225.38333333333333,
            101.21666666666667,
            63.016666666666666,
            232.63333333333333
        ]
    }
}