{
    "REST": {
        "Escherichia coli": [
            39.0,
            28.0,
            0.59,
            1.4,
            83.3333333,
            1.81666667
        ],
        "Homo sapiens": [
            0.007,
            0.00666666667,
            0.00616666667,
            0.425
        ]
    }
}