{
    "REST": {
        "Oryctolagus cuniculus": [
            39.5,
            136.0,
            10.8333333,
            258.333333
        ],
        "Homo sapiens": [
            99.0,
            40.0,
            99.0,
            11.0,
            34.0,
            15.5,
            0.4,
            196.0,
            408.0,
            40.0,
            381.266667,
            341.666667,
            320.0,
            408.0,
            40.0,
            414.0,
            40.0,
            360.0
        ],
        "Drosophila melanogaster": [
            155.0,
            17.9,
            1.2,
            18.4,
            723.4,
            3.75,
            204.2,
            17.6,
            62.4,
            40.3,
            4.21
        ]
    }
}