{
    "REST": {
        "Trypanosoma cruzi": [
            4.49166667,
            2.16166667,
            6.9,
            10.8,
            2.5,
            14.2,
            5.6,
            4.3,
            1.9,
            1.3,
            0.5,
            7.7,
            6.7,
            5.6,
            4.5,
            7.7,
            9.1,
            1.9,
            9.8,
            9.7,
            8.2,
            2.8,
            15.2,
            12.5,
            13.9,
            4.49,
            3.23
        ],
        "Trypanosoma congolense": [
            2.6
        ]
    }
}