{
    "REST": {
        "Vibrio proteolyticus": [
            71.3333333,
            28.0,
            73.0
        ],
        "Bacillus subtilis": [
            34.0,
            10.0,
            55.0,
            0.43,
            0.37,
            7.2e-05,
            3.7e-05,
            2.5e-05,
            0.00028,
            0.00012,
            5.7e-05
        ]
    }
}