{
    "REST": {
        "Homo sapiens": [
            0.119,
            0.2,
            0.00494,
            0.5,
            4.4,
            4.2,
            5.5,
            4.7,
            2.1,
            0.00105,
            10.8,
            12.3,
            13.9,
            0.00199,
            0.0248,
            0.15,
            0.03,
            0.0225,
            0.0387
        ],
        "Schizosaccharomyces pombe": [
            0.17
        ],
        "Saccharomyces cerevisiae": [
            0.06,
            0.0116666667,
            5.0
        ],
        "Escherichia coli": [
            0.05,
            51.7,
            94.0
        ],
        "Mus musculus": [
            0.142,
            1.6,
            23.0
        ],
        "Rattus norvegicus": [
            0.104,
            41.3,
            10.7,
            12.8,
            28.1,
            17.5,
            17.8,
            28.5
        ],
        "Drosophila melanogaster": [
            35.0,
            735.0
        ],
        "Bos taurus": [
            384.0,
            44.5,
            1457.0,
            17.3333333,
            1524.0,
            9018.0
        ],
        "Pyrococcus horikoshii": [
            290.0,
            275.0,
            467.0,
            93.5,
            191.0
        ],
        "Sulfolobus solfataricus": [
            850.0,
            198.0
        ],
        "Thermus thermophilus": [
            1.42,
            2.8,
            3.57,
            3.36,
            5.7,
            7.34,
            9.1,
            10.65,
            10.97,
            24.37
        ],
        "Bacillus methanolicus": [
            129.1
        ],
        "Arabidopsis thaliana": [
            0.12,
            0.11,
            0.06
        ]
    },
    "atp;h2o": {
        "Saccharomyces cerevisiae": [
            0.09000000000000001,
            0.616666667,
            0.3,
            3.5,
            4.66666667,
            5.66666667,
            0.95,
            0.7,
            0.45,
            1.16666667,
            1.26666667,
            20.0,
            0.0045,
            1.25833333
        ],
        "Clostridium thermocellum": [
            0.4166666666666667
        ],
        "Helicobacter pylori": [
            0.155
        ],
        "Homo sapiens": [
            0.0825,
            0.004166666666666667,
            0.0086
        ],
        "Mycobacterium tuberculosis": [
            0.8066666666666666
        ],
        "Mycobacterium smegmatis": [
            0.7
        ],
        "Bos taurus": [
            195.0
        ],
        "Mus musculus": [
            16.0
        ],
        "Methanocaldococcus jannaschii": [
            1.02
        ],
        "Bacteriophage phi-6": [
            0.186
        ],
        "Bacteriophage phi-8": [
            0.0
        ],
        "Bacteriophage phi-13": [
            1.6
        ],
        "SARS coronavirus": [
            19.1
        ]
    },
    "gtp;h2o": {
        "Helicobacter pylori": [
            0.0095
        ],
        "Rattus norvegicus": [
            0.0366666667,
            0.045,
            0.04,
            0.03
        ],
        "Semliki forest virus": [
            3.8333333333333335
        ],
        "Mycobacterium tuberculosis": [
            0.92,
            1.425
        ],
        "Mycobacterium smegmatis": [
            1.9166666666666667
        ],
        "Streptococcus pneumoniae": [
            0.00333333333
        ],
        "Mus musculus": [
            820.0
        ],
        "Methanocaldococcus jannaschii": [
            97.65
        ],
        "SARS coronavirus": [
            5.4
        ],
        "Homo sapiens": [
            0.0076
        ]
    },
    "h2o;ap4a": {
        "Deinococcus radiodurans": [
            0.035
        ],
        "Homo sapiens": [
            5.0
        ],
        "Caenorhabditis elegans": [
            27.0
        ]
    },
    "h2o;apppa": {
        "Homo sapiens": [
            3.5
        ]
    },
    "coa;h2o": {
        "Saccharomyces cerevisiae": [
            4.6
        ]
    },
    "8oxdgtp;h2o": {
        "Arabidopsis thaliana": [
            0.25
        ],
        "Mycobacterium tuberculosis": [
            0.08666666666666667
        ],
        "Mycobacterium smegmatis": [
            0.09833333333333334
        ],
        "Escherichia coli": [
            0.12
        ],
        "Homo sapiens": [
            8.6,
            1.6,
            3.3
        ]
    },
    "dgtp;h2o": {
        "Arabidopsis thaliana": [
            0.83
        ],
        "Leishmania major": [
            6.4
        ],
        "Mycobacterium tuberculosis": [
            0.8633333333333333
        ],
        "Mycobacterium smegmatis": [
            1.7
        ],
        "Homo sapiens": [
            1.4,
            2.0,
            15.7
        ],
        "Methanocaldococcus jannaschii": [
            96.64
        ],
        "SARS coronavirus": [
            7.5
        ]
    },
    "datp;h2o": {
        "Arabidopsis thaliana": [
            0.17
        ],
        "Xenopus laevis": [
            0.15
        ],
        "Leishmania major": [
            5.4
        ],
        "Mycobacterium tuberculosis": [
            1.0066666666666666
        ],
        "Escherichia coli": [
            0.9966666666666666
        ],
        "Mycobacterium smegmatis": [
            1.4
        ],
        "SARS coronavirus": [
            14.8
        ]
    },
    "dttp;h2o": {
        "Arabidopsis thaliana": [
            0.25
        ],
        "Leishmania major": [
            8.6
        ],
        "Mycobacterium tuberculosis": [
            0.9733333333333333
        ],
        "Mycobacterium smegmatis": [
            1.3833333333333333
        ],
        "Methanocaldococcus jannaschii": [
            1.77
        ],
        "Homo sapiens": [
            0.0074
        ]
    },
    "8oxgtp;h2o": {
        "Arabidopsis thaliana": [
            0.54
        ]
    },
    "ppi;h2o": {
        "Streptococcus gordonii": [
            330.0,
            830.0,
            3550.0
        ],
        "Synechocystis sp.": [
            916.0,
            916.0
        ],
        "Anabaena sp.": [
            850.0
        ],
        "Pseudanabaena sp.": [
            850.0
        ],
        "Rhodopseudomonas viridis": [
            750.0
        ],
        "Rhodospirillum rubrum": [
            750.0
        ],
        "Rhodopseudomonas palustris": [
            800.0
        ],
        "Chlamydomonas reinhardtii": [
            314.6,
            334.6
        ],
        "Ochromonas danica": [
            204.5
        ],
        "Euglena gracilis": [
            280.0
        ],
        "Cyanophora paradoxa": [
            208.5
        ],
        "Cyanidium caldarium": [
            184.5
        ],
        "Spinacia oleracea": [
            102.5
        ],
        "Bos taurus": [
            90.0
        ]
    },
    "pi": {
        "Streptococcus gordonii": [
            34.0,
            124.0,
            168.0,
            29.0,
            140.0,
            118.0
        ]
    },
    "adp;h2o": {
        "Rattus norvegicus": [
            4.4,
            3.1
        ],
        "Homo sapiens": [
            0.0051
        ]
    },
    "butpi;h2o": {
        "Bos taurus": [
            77.0
        ]
    },
    "h2o;ppap": {
        "Bos taurus": [
            117.0
        ]
    },
    "actp;h2o": {
        "Bos taurus": [
            181.0
        ]
    },
    "dutp;h2o": {
        "Methanocaldococcus jannaschii": [
            1.0
        ],
        "Leishmania major": [
            49.0
        ],
        "Mycobacterium tuberculosis": [
            0.7549999999999999
        ],
        "Escherichia coli": [
            1.005
        ],
        "Mycobacterium smegmatis": [
            1.2833333333333332
        ],
        "SARS coronavirus": [
            14.8
        ]
    },