{
    "gtp;h2o": {
        "Mycobacterium tuberculosis": [
            0.92,
            1.425
        ],
        "Mycobacterium smegmatis": [
            1.9166666666666667
        ]
    },
    "dgtp;h2o": {
        "Mycobacterium tuberculosis": [
            0.8633333333333333
        ],
        "Mycobacterium smegmatis": [
            1.7
        ]
    },
    "datp;h2o": {
        "Mycobacterium tuberculosis": [
            1.0066666666666666
        ],
        "Escherichia coli": [
            0.9966666666666666
        ],
        "Mycobacterium smegmatis": [
            1.4
        ]
    },
    "dttp;h2o": {
        "Mycobacterium tuberculosis": [
            0.9733333333333333
        ],
        "Mycobacterium smegmatis": [
            1.3833333333333333
        ]
    },
    "dutp;h2o": {
        "Mycobacterium tuberculosis": [
            0.7549999999999999
        ],
        "Escherichia coli": [
            1.005
        ],
        "Mycobacterium smegmatis": [
            1.2833333333333332
        ]
    },
    "atp;h2o": {
        "Mycobacterium tuberculosis": [
            0.8066666666666666
        ],
        "Mycobacterium smegmatis": [
            0.7
        ]
    },
    "h2o;utp": {
        "Mycobacterium tuberculosis": [
            0.28
        ],
        "Mycobacterium smegmatis": [
            0.8833333333333333
        ]
    },
    "8oxdgtp;h2o": {
        "Mycobacterium tuberculosis": [
            0.08666666666666667
        ],
        "Mycobacterium smegmatis": [
            0.09833333333333334
        ],
        "Escherichia coli": [
            0.12
        ]
    },
    "dctp;h2o": {
        "Mycobacterium smegmatis": [
            0.5166666666666666
        ]
    },
    "ctp;h2o": {
        "Mycobacterium smegmatis": [
            0.15833333333333333
        ]
    }
}