{
    "REST": {
        "Homo sapiens": [
            0.119,
            0.00494,
            0.0225,
            0.0387,
            0.00199,
            0.00105,
            0.0248
        ],
        "Mus musculus": [
            0.142
        ],
        "Rattus norvegicus": [
            0.104
        ]
    },
    "atp;h2o": {
        "Homo sapiens": [
            0.0825
        ]
    }
}