{
    "fdp": {
        "Escherichia coli": [
            0.0683333333,
            0.216666667,
            2.33333333,
            3.16666667,
            1.83333333,
            8.16666667,
            10.5,
            10.3333333,
            14.1666667,
            30.3333333
        ],
        "Homo sapiens": [
            0.61,
            0.000283333333,
            0.6,
            0.00441666667,
            0.19,
            2.1,
            0.0597333333,
            5.2,
            12.6166667,
            16.7,
            0.0200833333
        ],
        "Oryctolagus cuniculus": [
            0.55,
            1.63333333,
            4.01666667,
            5.46666667,
            7.66666667,
            42.2,
            16.8333333,
            17.0,
            27.7
        ],
        "Rattus norvegicus": [
            0.033,
            7.66666667
        ],
        "Trypanosoma brucei": [
            10.2833333,
            10.9166667,
            5.03333333,
            5.28333333
        ],
        "Staphylococcus aureus": [
            7.5,
            13.9333333,
            7.86666667
        ],
        "Saccharomyces cerevisiae": [
            4.14,
            4.139
        ],
        "Leishmania mexicana": [
            8.2
        ],
        "Lampetra japonica": [
            49.3,
            17.9166667,
            46.05,
            15.7833333
        ],
        "Magnaporthe grisea 70-15": [
            45.7
        ],
        "Giardia lamblia": [
            3.55
        ],
        "Edwardsiella ictaluri": [
            13.0
        ],
        "Mycobacterium tuberculosis": [
            21.0
        ],
        "Ceratitis capitata": [
            34.0
        ],
        "Vigna radiata": [
            40.0
        ],
        "Entamoeba histolytica": [
            80.0,
            39.0,
            62.0,
            7.2
        ],
        "Bacillus methanolicus": [
            1.6,
            5.1
        ]
    },
    "REST": {
        "Escherichia coli": [
            0.015,
            1.8,
            2.83333333,
            2.76666667,
            4.66666667,
            1.2,
            1.1,
            229.36,
            0.55,
            0.107
        ],
        "Homo sapiens": [
            0.55,
            1.7
        ],
        "Trypanosoma brucei": [
            12.2666667
        ],
        "Oryctolagus cuniculus": [
            10.2833333
        ],
        "Staphylococcus aureus": [
            36.8833333
        ],
        "Ceratitis capitata": [
            72.0
        ],
        "Entamoeba histolytica": [
            75.0,
            87.0
        ],
        "Bacillus methanolicus": [
            8.0,
            0.4,
            0.56,
            12.6
        ],
        "Prunus pedunculata": [
            676.5
        ],
        "Eriobotrya japonica": [
            1700.0,
            164.0,
            582.0,
            1160.0,
            334.0,
            110.0,
            1840.0,
            56.0,
            223.0
        ],
        "Pneumocystis carinii": [
            1.8
        ],
        "Hevea brasiliensis": [
            24.0,
            65.0
        ],
        "Baliospermum montanum": [
            0.66,
            1.17,
            2.8,
            1.74,
            2.78,
            7.38,
            9.14,
            12.1,
            15.7,
            18.5,
            18.2,
            21.4,
            24.7,
            25.9,
            26.6,
            28.1,
            49.2,
            53.6,
            91.4
        ],
        "Azoarcus evansii": [
            20.0
        ],
        "Sulfolobus solfataricus": [
            28.2,
            6.8
        ],
        "Trichoderma reesei": [
            3.6,
            11.3,
            6.4
        ]
    },
    "f1p": {
        "Homo sapiens": [
            0.67,
            0.000116666667,
            0.000183333333,
            0.7,
            0.12,
            2.0,
            1.28333333,
            10.8333333,
            1.48333333,
            2.8
        ],
        "Oryctolagus cuniculus": [
            0.45,
            0.65,
            0.9,
            0.183333333,
            0.266666667,
            0.166666667
        ],
        "Trypanosoma brucei": [
            1.13333333,
            1.7,
            1.26666667
        ],
        "Staphylococcus aureus": [
            0.45,
            1.05,
            0.583333333
        ],
        "Rattus norvegicus": [
            2.66666667
        ],
        "Lampetra japonica": [
            1.38333333,
            3.6,
            1.55,
            3.65
        ],
        "Ceratitis capitata": [
            0.7
        ],
        "Escherichia coli": [
            0.116666667
        ]
    },
    "s17bp": {
        "Vigna radiata": [
            33.3
        ]
    },
    "fc1p": {
        "Escherichia coli": [
            19.3
        ]
    },
    "athr__L": {
        "Escherichia coli": [
            0.5
        ]
    },
    "4h2opntn": {
        "Escherichia coli": [
            353.46,
            350.0
        ]
    },
    "oaa": {
        "Escherichia coli": [
            866.79
        ]
    },
    "2dr5p": {
        "Escherichia coli": [
            68.0
        ]
    }
}