{
    "4h2opntn": {
        "Burkholderia xenovorans LB400": [
            4.1,
            4.6,
            0.87,
            0.78,
            1.75,
            4.1,
            0.66
        ],
        "Thermus thermophilus": [
            1.0,
            0.79,
            0.57,
            0.13,
            0.08,
            1.0,
            0.6,
            2.4,
            0.3,
            2.4
        ],
        "Burkholderia xenovorans": [
            2.3,
            4.1,
            0.8,
            2.3
        ],
        "Pseudomonas putida": [
            0.048,
            0.19
        ],
        "Escherichia coli": [
            353.46,
            350.0
        ]
    },
    "REST": {
        "Burkholderia xenovorans LB400": [
            3.8,
            0.63
        ],
        "Thermus thermophilus": [
            0.5,
            1.1,
            2.2
        ],
        "Burkholderia xenovorans": [
            2.1,
            3.9
        ],
        "Burkholderia cepacia": [
            0.86,
            1.83,
            0.076,
            3.3,
            4.9,
            5.22,
            3.8,
            7.4,
            0.05,
            1.4,
            10.4,
            4.6,
            4.47,
            13.1,
            1.29
        ],
        "Hevea brasiliensis": [
            24.0,
            65.0
        ],
        "Baliospermum montanum": [
            0.66,
            1.17,
            2.8,
            1.74,
            2.78,
            7.38,
            9.14,
            12.1,
            15.7,
            18.5,
            18.2,
            21.4,
            24.7,
            25.9,
            26.6,
            28.1,
            49.2,
            53.6,
            91.4
        ],
        "Escherichia coli": [
            0.833333333,
            0.55,
            0.107,
            1.1,
            1.2,
            229.36,
            0.015,
            2.83333333,
            2.76666667,
            1.8,
            10.5,
            4.66666667,
            0.47,
            0.0002,
            51.0
        ],
        "Homo sapiens": [
            128.3,
            1.7,
            2.9,
            0.55,
            135.0,
            108.0,
            13.0,
            141.2,
            109.2,
            19.0
        ],
        "Pneumocystis carinii": [
            1.8
        ],
        "Pseudomonas putida": [
            0.25,
            1349.0,
            7.5,
            8.6,
            11.0,
            44.3,
            13.7,
            14.4,
            0.058,
            241.0,
            17.3,
            19.3,
            21.0
        ],
        "Prunus pedunculata": [
            676.5
        ],
        "Eriobotrya japonica": [
            1700.0,
            164.0,
            582.0,
            1160.0,
            334.0,
            110.0,
            1840.0,
            56.0,
            223.0
        ],
        "Clostridium difficile": [
            65.0
        ],
        "Clostridium scatologenes": [
            67.0
        ],
        "Trichoderma reesei": [
            3.6,
            11.3,
            6.4
        ],
        "Paramecium bursaria chlorella virus 1": [
            0.9,
            10.0,
            14.0
        ],
        "Selenomonas ruminantium": [
            4.83
        ],
        "Nicotiana glutinosa": [
            77.78
        ],
        "Anas platyrhynchos": [
            158.0
        ],
        "Trypanosoma brucei": [
            12.2666667
        ],
        "Oryctolagus cuniculus": [
            10.2833333
        ],
        "Staphylococcus aureus": [
            36.8833333
        ],
        "Ceratitis capitata": [
            72.0
        ],
        "Entamoeba histolytica": [
            75.0,
            87.0
        ],
        "Bacillus methanolicus": [
            8.0,
            0.4,
            0.56,
            12.6
        ],
        "Sulfolobus solfataricus": [
            28.2,
            6.8
        ],
        "Oryza sativa": [
            0.16,
            1.69
        ],
        "Aspergillus nidulans": [
            8.63,
            1.34
        ],
        "Saccharomyces cerevisiae": [
            3.81,
            4.9
        ],
        "Proteus vulgaris": [
            33.35,
            1.95,
            3.59,
            4.1,
            8.41
        ],
        "Azoarcus evansii": [
            20.0
        ],
        "Zymomonas mobilis": [
            320.0,
            0.4,
            4.0,
            53.0
        ],
        "Salmonella typhimurium": [
            105.0
        ],
        "Enterobacter cloacae": [
            0.4,
            3.9,
            3.2,
            5.3,
            5.7,
            4.5,
            3.5,
            46.4,
            22.7
        ]
    },
    "oaa": {
        "Burkholderia xenovorans LB400": [
            16.5
        ],
        "Pseudomonas putida": [
            1.85,
            1.52
        ],
        "Escherichia coli": [
            866.79
        ],
        "Lactococcus lactis subsp. lactis bv. Diacetylactis": [
            20.26
        ]
    },
    "acald;pyr": {
        "Burkholderia xenovorans LB400": [
            0.86,
            1.04
        ]
    },
    "gcald;pyr": {
        "Burkholderia xenovorans LB400": [
            0.4
        ]
    },
    "ppal;pyr": {
        "Burkholderia xenovorans LB400": [
            1.79
        ]
    },
    "3pop": {
        "Bacteroides fragilis": [
            10.2,
            8.7,
            10.2,
            9.3,
            9.7,
            10.2,
            10.2
        ]
    },
    "pyr": {
        "Bacteroides fragilis": [
            0.05,
            0.05
        ],
        "Pseudomonas putida": [
            0.1
        ],
        "Zymomonas mobilis": [
            486.0
        ],
        "Saccharomyces cerevisiae": [
            1.78,
            2.2,
            3.16302571,
            9.21,
            10.3,
            10.32,
            12.1,
            12.14,
            12.06,
            12.42
        ],
        "Enterobacter cloacae": [
            3.5
        ]
    },
    "amet": {
        "Methanocaldococcus jannaschii": [
            0.00075
        ],
        "Arabidopsis thaliana": [
            45.8333333
        ]
    },
    "lys__L": {
        "Arabidopsis thaliana": [
            1.63333333
        ],
        "Selenomonas ruminantium": [
            10.6
        ],
        "Paramecium bursaria chlorella virus 1": [
            0.45
        ],
        "Nicotiana glutinosa": [
            0.236
        ]
    },
    "orot5p": {
        "Saccharomyces cerevisiae": [
            44.0
        ]
    },
    "2cpr5p": {
        "Pyrococcus furiosus": [
            8.4
        ],
        "Thermotoga maritima": [
            0.11,
            0.75,
            3.24,
            15.4,
            2.5
        ]
    },
    "chor;gln__L": {
        "Salmonella typhimurium": [
            3.7
        ],
        "Pseudomonas putida": [
            3.4
        ],
        "Escherichia coli": [
            3.7
        ]
    },
    "4hphac;h": {
        "Clostridium difficile": [
            110.0
        ],
        "Clostridium scatologenes": [
            135.0
        ]
    },
    "2dr5p": {
        "Escherichia coli": [
            68.0
        ]
    },
    "oxa": {
        "Bacillus subtilis": [
            57.0,
            53.0
        ]
    },
    "arg__L": {
        "Chlamydophila pneumoniae": [
            6.9
        ],
        "Methanocaldococcus jannaschii": [
            2.7
        ],
        "Paramecium bursaria chlorella virus 1": [
            15.0,
            24.0,
            15.0
        ],
        "Sulfolobus solfataricus": [
            2.6,
            0.019
        ],
        "Avena sativa": [
            0.0027500000000000003,
            0.00025
        ]
    },