{
    "REST": {
        "Rhodococcus erythropolis": [
            916.666667
        ],
        "Spinacia oleracea": [
            52000.0
        ],
        "Burkholderia xenovorans LB400": [
            7.7,
            361.0,
            60.5,
            215.0
        ],
        "Escherichia coli": [
            0.48,
            450.0,
            3.0,
            324.0,
            34.0,
            6.64,
            203.0,
            44.0,
            179.0,
            0.005,
            600.0,
            220.0
        ],
        "Methanocaldococcus jannaschii": [
            0.75,
            0.66,
            2.5,
            0.37,
            1.5,
            5.6,
            1.0,
            5.1,
            1.9,
            4.5,
            1.6
        ],
        "Thermus thermophilus": [
            1.3,
            4.6
        ],
        "Thermotoga maritima": [
            0.174,
            4.14,
            5.6,
            4.26
        ],
        "Metallosphaera sedula": [
            96.0
        ],
        "Nectria haematococca": [
            4.77
        ],
        "Glycyrrhiza echinata": [
            0.12,
            9.8,
            0.19
        ],
        "Glycine max": [
            1.6,
            18.1,
            5.3
        ],
        "Magnolia grandiflora": [
            0.00035
        ],
        "Stenotrophomonas maltophilia": [
            0.4,
            34.8,
            34.6,
            22.2,
            62.2
        ],
        "Streptomyces coelicolor": [
            0.049,
            0.039,
            0.0032,
            0.0062
        ],
        "Xanthomonas campestris": [
            0.035,
            2.4,
            0.086,
            15.0
        ],
        "Bacteroides thetaiotaomicron": [
            173.4,
            38.45,
            263.2
        ],
        "Pedobacter heparinus": [
            210.0,
            92.0,
            350.0,
            410.0
        ],
        "Oryctolagus cuniculus": [
            128.333333,
            5.96,
            13.6,
            29.6,
            19.6,
            19.7,
            57.1,
            26.5,
            60.6,
            29.9,
            25.1,
            57.0
        ],
        "Macaca mulatta": [
            128.333333
        ],
        "Saccharomyces cerevisiae": [
            32.0,
            1.7,
            0.78358354,
            3.93865553,
            7.6,
            72.0,
            71.4,
            9.816666666666666,
            19.9,
            84.0,
            19.87,
            19.7,
            19.4,
            31.0
        ],
        "Oncorhynchus kisutch": [
            150.0
        ],
        "Oncorhynchus keta": [
            190.0
        ],
        "Leuconostoc mesenteroides": [
            27.53
        ],
        "Entamoeba histolytica": [
            170.0,
            147.0
        ],
        "Pseudomonas putida": [
            21.0
        ],
        "Aeropyrum pernix": [
            0.56
        ],
        "Penicillium roqueforti": [
            0.043
        ],
        "Aspergillus terreus": [
            0.0173
        ],
        "Gracilariopsis sp.": [
            0.4,
            1.7,
            1.0,
            1.5,
            0.66,
            5.3,
            6.3,
            0.44,
            0.11,
            1.14,
            1.23,
            11.0,
            1.06,
            1.92,
            0.131,
            505.0,
            27.0
        ],
        "Streptococcus pyogenes": [
            7.2
        ],
        "Burkholderia thailandensis": [
            17.0
        ],
        "Labrenzia aggregata": [
            15.0
        ],
        "Agrobacterium tumefaciens": [
            27.0
        ],
        "Agrobacterium vitis": [
            4.3
        ],
        "Rhizobium meliloti": [
            7.9
        ],
        "Brucella suis biovar 1": [
            17.0
        ],
        "Bacillus thuringiensis": [
            23.0
        ],
        "Burkholderia ambifaria": [
            43.0
        ],
        "Shewanella pealeana": [
            0.15
        ],
        "Shewanella woodyi": [
            4.1
        ],
        "Rhodospirillum rubrum": [
            204.0
        ],
        "Homo sapiens": [
            0.00032166666666666666,
            0.0007516666666666667,
            0.00094,
            0.00044,
            0.00016666666666666666,
            0.00016833333333333332,
            0.0003483333333333333,
            0.000825,
            0.00046666666666666666,
            0.00031833333333333334,
            0.0001,
            0.0002883333333333333
        ],
        "Arabidopsis thaliana": [
            226.0,
            3.2,
            3.3,
            4.2,
            4.9,
            11.0,
            12.0,
            528.0
        ],
        "Myrothecium verrucaria": [
            144.0
        ],
        "Botrytis cinerea": [
            3.23
        ]
    },
    "tartr__D": {
        "Bradyrhizobium diazoefficiens": [
            7.3
        ]
    },
    "2shchc": {
        "Amycolatopsis sp.": [
            120.0,
            120.0
        ],
        "Bacillus subtilis": [
            150.0
        ],
        "Escherichia coli": [
            19.0
        ]
    },
    "co2;h2o": {
        "Homo sapiens": [
            200000.0,
            1340000.0,
            910000.0,
            2700000.0,
            4300000.0,
            1400000.0,
            1200000.0,
            4300000.0,
            3800000.0,
            1200000.0,
            980000.0,
            290000.0,
            950000.0,
            1670000.0,
            1540000.0,
            850000.0,
            1140000.0,
            310000.0
        ],
        "Arabidopsis thaliana": [
            181000.0,
            141000.0,
            320000.0,
            94000.0,
            55000.0
        ],
        "Spinacia oleracea": [
            58000.0,
            59000.0,
            83000.0,
            77000.0,
            109000.0,
            135000.0,
            169000.0,
            286000.0,
            386000.0,
            384000.0,
            437000.0,
            426000.0,
            477000.0,
            532000.0,
            105000.0,
            87000.0,
            45000.0,
            112000.0,
            61000.0,
            71000.0,
            62000.0,
            100000.0,
            94000.0,
            85000.0,
            83000.0,
            34000.0,
            68000.0,
            115000.0,
            34000.0
        ]
    },
    "grdp": {
        "Picea sitchensis": [
            0.89,
            0.96,
            2.21,
            2.25,
            0.06
        ]
    },
    "b2coa;h2o": {
        "Homo sapiens": [
            0.1
        ],
        "Mycobacterium tuberculosis": [
            110.0
        ],
        "Rhodospirillum rubrum": [
            728.0
        ]
    },
    "h2o;male": {
        "Methanocaldococcus jannaschii": [
            36.0,
            20.0,
            6.0
        ]
    },
    "indole;ser__L": {
        "Escherichia coli": [
            9.54,
            0.23
        ],
        "Thermotoga maritima": [
            3.8,
            4.2,
            10.0,
            0.46,
            0.44,
            8.0
        ]
    },
    "indole;pser__L": {
        "Arabidopsis thaliana": [
            0.015
        ],
        "Thermotoga maritima": [
            0.416
        ]
    },
    "g6p": {
        "Bacillus circulans": [
            0.073,
            0.073
        ]
    },
    "h2o;hx2coa": {
        "Bos taurus": [
            180.0
        ],
        "Rhodospirillum rubrum": [
            252.0
        ]
    },
    "pphn": {
        "Escherichia coli": [
            32.2,
            31.55,
            26.15
        ],
        "Arabidopsis thaliana": [
            0.03,
            0.16,
            0.04
        ],
        "Methanocaldococcus jannaschii": [
            8.9,
            12.3
        ],